mu,eta,clip,K,seed,last,average,floor
1.0,0.2,True,1,0,0.035583712024834575,0.0505885856302198,0.010615239454383585
1.0,0.2,True,2,0,0.027692461905249783,0.037343645946267726,0.010615239454383585
1.0,0.2,True,4,0,0.02068064391973809,0.028061774979840165,0.010615239454383585
1.0,0.2,True,8,0,0.015962515248246052,0.021221468868043568,0.010615239454383585
1.0,0.2,True,16,0,0.012914374075210221,0.016280965620412938,0.010615239454383585
1.0,0.2,True,32,0,0.011657969263728881,0.013273066634705092,0.010615239454383585
1.0,0.2,True,64,0,0.01126828395939189,0.011867411072652479,0.010615239454383585
1.0,0.2,False,1,0,0.03559889710565759,0.050428835054503074,0.010615239454383585
1.0,0.2,False,2,0,0.02767856808866121,0.03726295913109478,0.010615239454383585
1.0,0.2,False,4,0,0.02067256808747704,0.028025582603049617,0.010615239454383585
1.0,0.2,False,8,0,0.015965072201998796,0.02120383752383468,0.010615239454383585
1.0,0.2,False,16,0,0.01292576355900534,0.0162738129017838,0.010615239454383585
1.0,0.2,False,32,0,0.011654838644539112,0.013270153270416082,0.010615239454383585
1.0,0.2,False,64,0,0.011268186972738008,0.011866385152298988,0.010615239454383585
1.0,0.2,True,1,1,0.03490965543697329,0.05187775501018693,0.010615239454383585
1.0,0.2,True,2,1,0.02607849404852237,0.03747046228775589,0.010615239454383585
1.0,0.2,True,4,1,0.020677050233667976,0.027644017941915944,0.010615239454383585
1.0,0.2,True,8,1,0.018943041726863105,0.02107717861404597,0.010615239454383585
1.0,0.2,True,16,1,0.013482696841151706,0.016627255128912822,0.010615239454383585
1.0,0.2,True,32,1,0.011989020688796447,0.013843236428860203,0.010615239454383585
1.0,0.2,True,64,1,0.011764963099924381,0.012397863414284418,0.010615239454383585
1.0,0.2,False,1,1,0.034863658989275195,0.05148721560655545,0.010615239454383585
1.0,0.2,False,2,1,0.026193277807019095,0.03728087401846697,0.010615239454383585
1.0,0.2,False,4,1,0.020592634143444727,0.027515827095661555,0.010615239454383585
1.0,0.2,False,8,1,0.018913504566986806,0.020981380775775292,0.010615239454383585
1.0,0.2,False,16,1,0.013457497861802156,0.016567583370189713,0.010615239454383585
1.0,0.2,False,32,1,0.011979586678345634,0.01380914352221849,0.010615239454383585
1.0,0.2,False,64,1,0.011757117834354945,0.012383440429310557,0.010615239454383585
1.0,0.2,True,1,2,0.03480982782569006,0.048029785600596626,0.010615239454383585
1.0,0.2,True,2,2,0.02330003133851257,0.034867414988189085,0.010615239454383585
1.0,0.2,True,4,2,0.01763366002364446,0.025351001947486115,0.010615239454383585
1.0,0.2,True,8,2,0.01424889172381814,0.018968278882715774,0.010615239454383585
1.0,0.2,True,16,2,0.01204536797893668,0.014955870459192071,0.010615239454383585
1.0,0.2,True,32,2,0.011354239201235657,0.012646500480357538,0.010615239454383585
1.0,0.2,True,64,2,0.011313751554914507,0.01152340935681152,0.010615239454383585
1.0,0.2,False,1,2,0.0345445081230447,0.0476729174988398,0.010615239454383585
1.0,0.2,False,2,2,0.023191419810770313,0.034592160960428504,0.010615239454383585
1.0,0.2,False,4,2,0.017593567527321018,0.02517897065284487,0.010615239454383585
1.0,0.2,False,8,2,0.014235506316737312,0.01888165894623691,0.010615239454383585
1.0,0.2,False,16,2,0.012041937372290295,0.014920033839587617,0.010615239454383585
1.0,0.2,False,32,2,0.011350791097802671,0.012632954586589942,0.010615239454383585
1.0,0.2,False,64,2,0.011312710844527809,0.011518035847049857,0.010615239454383585
1.0,0.2,True,1,3,0.037631969119374165,0.0502272170354168,0.010615239454383585
1.0,0.2,True,2,3,0.025453394690346177,0.03558996220980514,0.010615239454383585
1.0,0.2,True,4,3,0.019789874684506256,0.026500649249867943,0.010615239454383585
1.0,0.2,True,8,3,0.019504270814543652,0.02050632156067041,0.010615239454383585
1.0,0.2,True,16,3,0.013442244428604823,0.016487175045640443,0.010615239454383585
1.0,0.2,True,32,3,0.012543834591605896,0.014046711633508171,0.010615239454383585
1.0,0.2,True,64,3,0.012549395124467674,0.012860468792199608,0.010615239454383585
1.0,0.2,False,1,3,0.037874882781121,0.050147035271306664,0.010615239454383585
1.0,0.2,False,2,3,0.025407768613224618,0.03551521104278329,0.010615239454383585
1.0,0.2,False,4,3,0.019786148323631292,0.026448240830220186,0.010615239454383585
1.0,0.2,False,8,3,0.01944216028459617,0.020470709883274926,0.010615239454383585
1.0,0.2,False,16,3,0.013439535386530605,0.01646325167490254,0.010615239454383585
1.0,0.2,False,32,3,0.012537241339144167,0.014029789847914774,0.010615239454383585
1.0,0.2,False,64,3,0.012707485459292902,0.012849946958867152,0.010615239454383585
1.0,0.2,True,1,4,0.049443693920460156,0.048077510402447766,0.010615239454383585
1.0,0.2,True,2,4,0.08867263358494692,0.03425902598911993,0.010615239454383585
1.0,0.2,True,4,4,0.017943163974601325,0.02534977790598396,0.010615239454383585
1.0,0.2,True,8,4,0.02000376121561137,0.019041683761706712,0.010615239454383585
1.0,0.2,True,16,4,0.015611840908158951,0.01491990020182136,0.010615239454383585
1.0,0.2,True,32,4,0.010821850247733994,0.012421051720072266,0.010615239454383585
1.0,0.2,True,64,4,0.01045238376239587,0.011144005899026553,0.010615239454383585
1.0,0.2,False,1,4,0.04951997901583627,0.04782208069722172,0.010615239454383585
1.0,0.2,False,2,4,0.08870008794534684,0.034130394474078694,0.010615239454383585
1.0,0.2,False,4,4,0.0179057598676381,0.02528062750614555,0.010615239454383585
1.0,0.2,False,8,4,0.019951640669132367,0.018998483031413254,0.010615239454383585
1.0,0.2,False,16,4,0.01559039863245369,0.014888689278133499,0.010615239454383585
1.0,0.2,False,32,4,0.010813280833750768,0.012400022402152698,0.010615239454383585
1.0,0.2,False,64,4,0.010451405249158854,0.011134500933315751,0.010615239454383585
1.0,0.4,True,1,0,0.029151057443132403,0.04001484033669665,0.010615239454383585
1.0,0.4,True,2,0,0.022446040208498958,0.029652251868750243,0.010615239454383585
1.0,0.4,True,4,0,0.018016367365824754,0.02215026280522487,0.010615239454383585
1.0,0.4,True,8,0,0.01328031574036554,0.016894475643977752,0.010615239454383585
1.0,0.4,True,16,0,0.011664255632969087,0.013654081609742914,0.010615239454383585
1.0,0.4,True,32,0,0.011423703671511201,0.012045922157779498,0.010615239454383585
1.0,0.4,True,64,0,0.011176460157548819,0.011423489997752216,0.010615239454383585
1.0,0.4,False,1,0,0.028749430964234574,0.037995165164367704,0.010615239454383585
1.0,0.4,False,2,0,0.02104153019331811,0.028095129741725452,0.010615239454383585
1.0,0.4,False,4,0,0.017547178916933706,0.02101356825148534,0.010615239454383585
1.0,0.4,False,8,0,0.012920423860880409,0.0160844480236497,0.010615239454383585
1.0,0.4,False,16,0,0.011619759247179088,0.013170602324318985,0.010615239454383585
1.0,0.4,False,32,0,0.01166904324955876,0.011827141509753334,0.010615239454383585
1.0,0.4,False,64,0,0.011171633868501613,0.011354971288277588,0.010615239454383585
1.0,0.4,True,1,1,0.02820187458838754,0.04136397095915135,0.010615239454383585
1.0,0.4,True,2,1,0.02116368891478894,0.029806807311060803,0.010615239454383585
1.0,0.4,True,4,1,0.017263784520811516,0.022465246648496383,0.010615239454383585
1.0,0.4,True,8,1,0.015121142565824372,0.017602903910433298,0.010615239454383585
1.0,0.4,True,16,1,0.012559668365822084,0.014435807220032109,0.010615239454383585
1.0,0.4,True,32,1,0.011749640311773304,0.012698183756163396,0.010615239454383585
1.0,0.4,True,64,1,0.011646166370781374,0.01195447117428903,0.010615239454383585
1.0,0.4,False,1,1,0.03219660084134468,0.03773113828536608,0.010615239454383585
1.0,0.4,False,2,1,0.02046192762106908,0.027364381546337302,0.010615239454383585
1.0,0.4,False,4,1,0.0161171916526346,0.02073923321715344,0.010615239454383585
1.0,0.4,False,8,1,0.016388838980760552,0.0164087482364211,0.010615239454383585
1.0,0.4,False,16,1,0.012526774684244957,0.013694637829940046,0.010615239454383585
1.0,0.4,False,32,1,0.011705815511976967,0.01233993456277189,0.010615239454383585
1.0,0.4,False,64,1,0.011632012263975474,0.011826159863526971,0.010615239454383585
1.0,0.4,True,1,2,0.029689244223039958,0.03847131652310592,0.010615239454383585
1.0,0.4,True,2,2,0.018631264720179785,0.02727840671724194,0.010615239454383585
1.0,0.4,True,4,2,0.014875550183803894,0.020076965518795044,0.010615239454383585
1.0,0.4,True,8,2,0.013011958363187604,0.0156121336216443,0.010615239454383585
1.0,0.4,True,16,2,0.01136995726750444,0.013033742362666316,0.010615239454383585
1.0,0.4,True,32,2,0.011081539273901089,0.011725743181741669,0.010615239454383585
1.0,0.4,True,64,2,0.011298898391024957,0.011173847327831268,0.010615239454383585
1.0,0.4,False,1,2,0.026832448872116298,0.03427402879903957,0.010615239454383585
1.0,0.4,False,2,2,0.018025653643704315,0.024585959737056608,0.010615239454383585
1.0,0.4,False,4,2,0.015606798211948091,0.01851016004465343,0.010615239454383585
1.0,0.4,False,8,2,0.01284675620753407,0.014730803493945354,0.010615239454383585
1.0,0.4,False,16,2,0.011240339718629004,0.012548358424400167,0.010615239454383585
1.0,0.4,False,32,2,0.011040665671766533,0.011487111662700417,0.010615239454383585
1.0,0.4,False,64,2,0.011567154969972496,0.011085245517227227,0.010615239454383585
1.0,0.4,True,1,3,0.028006011106146998,0.03882733508543607,0.010615239454383585
1.0,0.4,True,2,3,0.02072445803638669,0.027996221384090483,0.010615239454383585
1.0,0.4,True,4,3,0.016450916811205675,0.02145777311418666,0.010615239454383585
1.0,0.4,True,8,3,0.019282428587699203,0.017208291692881295,0.010615239454383585
1.0,0.4,True,16,3,0.012876968596974127,0.014604628831074202,0.010615239454383585
1.0,0.4,True,32,3,0.012388367433500589,0.013174710380373725,0.010615239454383585
1.0,0.4,True,64,3,0.01246180705873479,0.01254418956470807,0.010615239454383585
1.0,0.4,False,1,3,0.047340301307943256,0.0378636607238637,0.010615239454383585
1.0,0.4,False,2,3,0.02190731017991729,0.026945805601702018,0.010615239454383585
1.0,0.4,False,4,3,0.015822154625649027,0.02057689976136805,0.010615239454383585
1.0,0.4,False,8,3,0.016131304750998568,0.01642357790936252,0.010615239454383585
1.0,0.4,False,16,3,0.01285204309420762,0.014010821952544942,0.010615239454383585
1.0,0.4,False,32,3,0.012292334875836317,0.012836219975837573,0.010615239454383585
1.0,0.4,False,64,3,0.012655403138323664,0.012406621162116115,0.010615239454383585
1.0,0.4,True,1,4,0.03509617616708196,0.037584346570278315,0.010615239454383585
1.0,0.4,True,2,4,0.10386195826787445,0.026664030568717714,0.010615239454383585
1.0,0.4,True,4,4,0.015048808202244201,0.019888762601302436,0.010615239454383585
1.0,0.4,True,8,4,0.022325805094926387,0.015483015703467308,0.010615239454383585
1.0,0.4,True,16,4,0.020015877074857618,0.012828797621345051,0.010615239454383585
1.0,0.4,True,32,4,0.010527786436355326,0.011374518434544517,0.010615239454383585
1.0,0.4,True,64,4,0.01040708284392613,0.010720223133408476,0.010615239454383585
1.0,0.4,False,1,4,0.03236003532243862,0.03585465765627901,0.010615239454383585
1.0,0.4,False,2,4,0.2644765599082923,0.02536272933516327,0.010615239454383585
1.0,0.4,False,4,4,0.016568571028807096,0.018907824301931143,0.010615239454383585
1.0,0.4,False,8,4,0.02970896675711982,0.014773508247200156,0.010615239454383585
1.0,0.4,False,16,4,0.02247378418862731,0.012330204348959201,0.010615239454383585
1.0,0.4,False,32,4,0.01047497014339725,0.011092200974386394,0.010615239454383585
1.0,0.4,False,64,4,0.01040058450892272,0.010609565186675888,0.010615239454383585
1.0,0.8,True,1,0,0.024128786843092793,0.033833319717958873,0.010615239454383585
1.0,0.8,True,2,0,0.019328520120266077,0.02472653204420124,0.010615239454383585
1.0,0.8,True,4,0,0.01617965228422912,0.018550935493868638,0.010615239454383585
1.0,0.8,True,8,0,0.012743499555517124,0.014816176342011881,0.010615239454383585
1.0,0.8,True,16,0,0.011556842415989489,0.012755388665693194,0.010615239454383585
1.0,0.8,True,32,0,0.011371183318685262,0.011732494723168055,0.010615239454383585
1.0,0.8,True,64,0,0.011174037531704017,0.011328298242496773,0.010615239454383585
1.0,0.8,False,1,0,4.677466249076768e+79,7.562760304355352e+74,0.010615239454383585
1.0,0.8,False,2,0,3.046594860191911e+152,1.8460924766367466e+145,0.010615239454383585
1.0,0.8,False,4,0,8.551195170716671e+305,9.474098874035423e+299,0.010615239454383585
1.0,0.8,False,8,0,inf,inf,0.010615239454383585
1.0,0.8,False,16,0,,,0.010615239454383585
1.0,0.8,False,32,0,,,0.010615239454383585
1.0,0.8,False,64,0,,,0.010615239454383585
1.0,0.8,True,1,1,0.024905505681130133,0.034690171732600326,0.010615239454383585
1.0,0.8,True,2,1,0.019537635395127845,0.0257733229824522,0.010615239454383585
1.0,0.8,True,4,1,0.015738809579716267,0.020109835202592987,0.010615239454383585
1.0,0.8,True,8,1,0.01426785001132392,0.016196835329533667,0.010615239454383585
1.0,0.8,True,16,1,0.012374576541712205,0.013719155616689767,0.010615239454383585
1.0,0.8,True,32,1,0.011718761652265396,0.012427999285325047,0.010615239454383585
1.0,0.8,True,64,1,0.011638997135542919,0.011870319206993789,0.010615239454383585
1.0,0.8,False,1,1,5.061182464014054e+85,8.427399165975193e+79,0.010615239454383585
1.0,0.8,False,2,1,2.0456154345376252e+169,3.477406771934286e+163,0.010615239454383585
1.0,0.8,False,4,1,inf,inf,0.010615239454383585
1.0,0.8,False,8,1,,,0.010615239454383585
1.0,0.8,False,16,1,,,0.010615239454383585
1.0,0.8,False,32,1,,,0.010615239454383585
1.0,0.8,False,64,1,,,0.010615239454383585
1.0,0.8,True,1,2,0.027593979806672973,0.03260794440700094,0.010615239454383585
1.0,0.8,True,2,2,0.01606668729784268,0.02271771211254752,0.010615239454383585
1.0,0.8,True,4,2,0.013653280113362854,0.01721121687746647,0.010615239454383585
1.0,0.8,True,8,2,0.013167106699678547,0.014038509669265167,0.010615239454383585
1.0,0.8,True,16,2,0.011230834877566397,0.012309122803561485,0.010615239454383585
1.0,0.8,True,32,2,0.010994743026448817,0.011457845095908166,0.010615239454383585
1.0,0.8,True,64,2,0.011295646589338945,0.011090918167722915,0.010615239454383585
1.0,0.8,False,1,2,2.1257494118153646e+78,8.310032289163773e+73,0.010615239454383585
1.0,0.8,False,2,2,2.6542141097309326e+166,1.5397823694177088e+159,0.010615239454383585
1.0,0.8,False,4,2,inf,inf,0.010615239454383585
1.0,0.8,False,8,2,,,0.010615239454383585
1.0,0.8,False,16,2,,,0.010615239454383585
1.0,0.8,False,32,2,,,0.010615239454383585
1.0,0.8,False,64,2,,,0.010615239454383585
1.0,0.8,True,1,3,0.022377823328929302,0.03143691788270516,0.010615239454383585
1.0,0.8,True,2,3,0.01835259646572168,0.023293970884162993,0.010615239454383585
1.0,0.8,True,4,3,0.015161455425857166,0.01864011712279192,0.010615239454383585
1.0,0.8,True,8,3,0.019667895779840055,0.01577553867031611,0.010615239454383585
1.0,0.8,True,16,3,0.012819108778859604,0.014011431715988558,0.010615239454383585
1.0,0.8,True,32,3,0.01237795643231633,0.012979992263567336,0.010615239454383585
1.0,0.8,True,64,3,0.012457224582240146,0.012488842985558057,0.010615239454383585
1.0,0.8,False,1,3,2.3592186477594274e+76,3.471220231551748e+72,0.010615239454383585
1.0,0.8,False,2,3,2.4095929022632785e+138,3.167049986976325e+132,0.010615239454383585
1.0,0.8,False,4,3,2.402667008428273e+301,1.6260973526861167e+296,0.010615239454383585
1.0,0.8,False,8,3,,,0.010615239454383585
1.0,0.8,False,16,3,,,0.010615239454383585
1.0,0.8,False,32,3,,,0.010615239454383585
1.0,0.8,False,64,3,,,0.010615239454383585
1.0,0.8,True,1,4,0.02246663125746218,0.031168125063353053,0.010615239454383585
1.0,0.8,True,2,4,0.1002789591557538,0.022385779889099497,0.010615239454383585
1.0,0.8,True,4,4,0.013762241625159216,0.01712810217534582,0.010615239454383585
1.0,0.8,True,8,4,0.022099987339751093,0.013969271673416113,0.010615239454383585
1.0,0.8,True,16,4,0.019847685001346458,0.012124110762830887,0.010615239454383585
1.0,0.8,True,32,4,0.010467816469085215,0.011094133165071712,0.010615239454383585
1.0,0.8,True,64,4,0.01040330346651192,0.010623958268180588,0.010615239454383585
1.0,0.8,False,1,4,7.060399087725618e+89,2.152638101006525e+85,0.010615239454383585
1.0,0.8,False,2,4,2.9409001048263626e+167,4.879895982117707e+162,0.010615239454383585
1.0,0.8,False,4,4,inf,inf,0.010615239454383585
1.0,0.8,False,8,4,,,0.010615239454383585
1.0,0.8,False,16,4,,,0.010615239454383585
1.0,0.8,False,32,4,,,0.010615239454383585
1.0,0.8,False,64,4,,,0.010615239454383585
1.0,1.2,True,1,0,0.02127552796189101,0.03051382887881046,0.010615239454383585
1.0,1.2,True,2,0,0.017905448208586944,0.02216942968794,0.010615239454383585
1.0,1.2,True,4,0,0.015827735146379734,0.017152838529475595,0.010615239454383585
1.0,1.2,True,8,0,0.012666025159377698,0.014236267550793298,0.010615239454383585
1.0,1.2,True,16,0,0.011536559163025966,0.012555360737894518,0.010615239454383585
1.0,1.2,True,32,0,0.011354921034557245,0.01166991933184219,0.010615239454383585
1.0,1.2,True,64,0,0.011173911974229976,0.011310664056893663,0.010615239454383585
1.0,1.2,False,1,0,inf,inf,0.010615239454383585
1.0,1.2,False,2,0,,,0.010615239454383585
1.0,1.2,False,4,0,,,0.010615239454383585
1.0,1.2,False,8,0,,,0.010615239454383585
1.0,1.2,False,16,0,,,0.010615239454383585
1.0,1.2,False,32,0,,,0.010615239454383585
1.0,1.2,False,64,0,,,0.010615239454383585
1.0,1.2,True,1,1,0.023590713208865705,0.03141538002098973,0.010615239454383585
1.0,1.2,True,2,1,0.01903101689400303,0.024054397196183505,0.010615239454383585
1.0,1.2,True,4,1,0.015351929714586173,0.01920601906999174,0.010615239454383585
1.0,1.2,True,8,1,0.014184010488678596,0.01575579749141842,0.010615239454383585
1.0,1.2,True,16,1,0.012344132826665926,0.01355096630912915,0.010615239454383585
1.0,1.2,True,32,1,0.011713791533402617,0.012375593226341774,0.010615239454383585
1.0,1.2,True,64,1,0.011637496995942536,0.0118548986032072,0.010615239454383585
1.0,1.2,False,1,1,inf,inf,0.010615239454383585
1.0,1.2,False,2,1,,,0.010615239454383585
1.0,1.2,False,4,1,,,0.010615239454383585
1.0,1.2,False,8,1,,,0.010615239454383585
1.0,1.2,False,16,1,,,0.010615239454383585
1.0,1.2,False,32,1,,,0.010615239454383585
1.0,1.2,False,64,1,,,0.010615239454383585
1.0,1.2,True,1,2,0.025631389553468456,0.02932721245727901,0.010615239454383585
1.0,1.2,True,2,2,0.015116411325304337,0.020501669226973496,0.010615239454383585
1.0,1.2,True,4,2,0.01325864114268313,0.0160180135026236,0.010615239454383585
1.0,1.2,True,8,2,0.01308672288909566,0.013509669484126414,0.010615239454383585
1.0,1.2,True,16,2,0.011210671819267328,0.012119651127676757,0.010615239454383585
1.0,1.2,True,32,2,0.010989151604633998,0.01139902417790212,0.010615239454383585
1.0,1.2,True,64,2,0.011293657209430378,0.01107336942212513,0.010615239454383585
1.0,1.2,False,1,2,inf,inf,0.010615239454383585
1.0,1.2,False,2,2,,,0.010615239454383585
1.0,1.2,False,4,2,,,0.010615239454383585
1.0,1.2,False,8,2,,,0.010615239454383585
1.0,1.2,False,16,2,,,0.010615239454383585
1.0,1.2,False,32,2,,,0.010615239454383585
1.0,1.2,False,64,2,,,0.010615239454383585
1.0,1.2,True,1,3,0.019877054473221415,0.028094718218342883,0.010615239454383585
1.0,1.2,True,2,3,0.017545321049332416,0.021065498901299138,0.010615239454383585
1.0,1.2,True,4,3,0.014913270834522895,0.017509652506750805,0.010615239454383585
1.0,1.2,True,8,3,0.01983387000008993,0.015325658158292826,0.010615239454383585
1.0,1.2,True,16,3,0.012812536698011055,0.013866732038651545,0.010615239454383585
1.0,1.2,True,32,3,0.012379075445501443,0.012941210029481856,0.010615239454383585
1.0,1.2,True,64,3,0.012440937187524091,0.01247884075949094,0.010615239454383585
1.0,1.2,False,1,3,inf,inf,0.010615239454383585
1.0,1.2,False,2,3,,,0.010615239454383585
1.0,1.2,False,4,3,,,0.010615239454383585
1.0,1.2,False,8,3,,,0.010615239454383585
1.0,1.2,False,16,3,,,0.010615239454383585
1.0,1.2,False,32,3,,,0.010615239454383585
1.0,1.2,False,64,3,,,0.010615239454383585
1.0,1.2,True,1,4,0.018597176126341066,0.028097453608625766,0.010615239454383585
1.0,1.2,True,2,4,0.10033692287876173,0.020376502440347305,0.010615239454383585
1.0,1.2,True,4,4,0.013425308659395466,0.016001717909142565,0.010615239454383585
1.0,1.2,True,8,4,0.022220633088712898,0.013469330266377522,0.010615239454383585
1.0,1.2,True,16,4,0.019866469772664572,0.01193336453169359,0.010615239454383585
1.0,1.2,True,32,4,0.010461461677072256,0.011027312970925955,0.010615239454383585
1.0,1.2,True,64,4,0.010402768176967154,0.010602968162813742,0.010615239454383585
1.0,1.2,False,1,4,inf,inf,0.010615239454383585
1.0,1.2,False,2,4,,,0.010615239454383585
1.0,1.2,False,4,4,,,0.010615239454383585
1.0,1.2,False,8,4,,,0.010615239454383585
1.0,1.2,False,16,4,,,0.010615239454383585
1.0,1.2,False,32,4,,,0.010615239454383585
1.0,1.2,False,64,4,,,0.010615239454383585
1.75,0.2,True,1,0,0.036019791566912554,0.051317183097653485,0.00731009130784534
1.75,0.2,True,2,0,0.0255674173619317,0.036886681548105905,0.00731009130784534
1.75,0.2,True,4,0,0.01862213478264256,0.027101763254015615,0.00731009130784534
1.75,0.2,True,8,0,0.014066022240778468,0.020038230990190524,0.00731009130784534
1.75,0.2,True,16,0,0.01110669422039912,0.014946361612226957,0.00731009130784534
1.75,0.2,True,32,0,0.00929797027795605,0.011568036154697437,0.00731009130784534
1.75,0.2,True,64,0,0.008833649659672687,0.009588028323658527,0.00731009130784534
1.75,0.2,False,1,0,0.03602235678582927,0.05132029287604137,0.00731009130784534
1.75,0.2,False,2,0,0.025567836619948225,0.0368883299940311,0.00731009130784534
1.75,0.2,False,4,0,0.018621655514833718,0.02710212435289831,0.00731009130784534
1.75,0.2,False,8,0,0.014065877448319173,0.020038383568946525,0.00731009130784534
1.75,0.2,False,16,0,0.011104503219694932,0.01494640561437694,0.00731009130784534
1.75,0.2,False,32,0,0.009298118463365673,0.01156805983564659,0.00731009130784534
1.75,0.2,False,64,0,0.00883361780307266,0.009588032501310292,0.00731009130784534
1.75,0.2,True,1,1,0.03830371154484636,0.05191550627048788,0.00731009130784534
1.75,0.2,True,2,1,0.028628815744928333,0.03790464593178946,0.00731009130784534
1.75,0.2,True,4,1,0.018249847069259428,0.027209377731276557,0.00731009130784534
1.75,0.2,True,8,1,0.014238530338965594,0.019755379496835708,0.00731009130784534
1.75,0.2,True,16,1,0.015315205350848593,0.014760456255342948,0.00731009130784534
1.75,0.2,True,32,1,0.009460463764166751,0.011548020226779034,0.00731009130784534
1.75,0.2,True,64,1,0.008606002282687724,0.009725224744794776,0.00731009130784534
1.75,0.2,False,1,1,0.0382957654387853,0.0519127867085199,0.00731009130784534
1.75,0.2,False,2,1,0.02862992971207371,0.0379031942804139,0.00731009130784534
1.75,0.2,False,4,1,0.018249805207724477,0.02720866322042851,0.00731009130784534
1.75,0.2,False,8,1,0.01423881634407613,0.019755044161461816,0.00731009130784534
1.75,0.2,False,16,1,0.01531448936418488,0.01476033228225382,0.00731009130784534
1.75,0.2,False,32,1,0.009460492287510123,0.01154800797734832,0.00731009130784534
1.75,0.2,False,64,1,0.008606057185115751,0.009725223158537475,0.00731009130784534
1.75,0.2,True,1,2,0.055435322037008725,0.04749288193599745,0.00731009130784534
1.75,0.2,True,2,2,0.032369314151083226,0.03417289407775554,0.00731009130784534
1.75,0.2,True,4,2,0.01820700144912601,0.025064166296807494,0.00731009130784534
1.75,0.2,True,8,2,0.015054052998177388,0.018828531435531,0.00731009130784534
1.75,0.2,True,16,2,0.012185875770338736,0.014447826333563136,0.00731009130784534
1.75,0.2,True,32,2,0.009100977729024759,0.011454166151789636,0.00731009130784534
1.75,0.2,True,64,2,0.008203116341801918,0.009529461129412236,0.00731009130784534
1.75,0.2,False,1,2,0.055448875361035106,0.04752121093759734,0.00731009130784534
1.75,0.2,False,2,2,0.03235200592654095,0.03418295914609024,0.00731009130784534
1.75,0.2,False,4,2,0.01820886951363037,0.025066145906785832,0.00731009130784534
1.75,0.2,False,8,2,0.015056249850038343,0.018829778231301993,0.00731009130784534
1.75,0.2,False,16,2,0.012182781516322818,0.014448509135238567,0.00731009130784534
1.75,0.2,False,32,2,0.009099112177186394,0.011453710287091834,0.00731009130784534
1.75,0.2,False,64,2,0.00820220656389217,0.009528474195580327,0.00731009130784534
1.75,0.2,True,1,3,0.03709279242879123,0.05040702533557432,0.00731009130784534
1.75,0.2,True,2,3,0.037426251982131224,0.03564695584483954,0.00731009130784534
1.75,0.2,True,4,3,0.018351086579894028,0.02623115756405442,0.00731009130784534
1.75,0.2,True,8,3,0.015293445142276789,0.01942194170097018,0.00731009130784534
1.75,0.2,True,16,3,0.010796973621919519,0.014632194272038802,0.00731009130784534
1.75,0.2,True,32,3,0.00943443786362608,0.011365595036109436,0.00731009130784534
1.75,0.2,True,64,3,0.00801771410165675,0.009328326263652952,0.00731009130784534
1.75,0.2,False,1,3,0.03709279242879123,0.05040702533557432,0.00731009130784534
1.75,0.2,False,2,3,0.037426251982131224,0.03564695584483954,0.00731009130784534
1.75,0.2,False,4,3,0.018351086579894028,0.02623115756405442,0.00731009130784534
1.75,0.2,False,8,3,0.015293445142276789,0.01942194170097018,0.00731009130784534
1.75,0.2,False,16,3,0.010796973621919519,0.014632194272038802,0.00731009130784534
1.75,0.2,False,32,3,0.00943443786362608,0.011365595036109436,0.00731009130784534
1.75,0.2,False,64,3,0.00801771410165675,0.009328326263652952,0.00731009130784534
1.75,0.2,True,1,4,0.03275960025234554,0.04763859539733064,0.00731009130784534
1.75,0.2,True,2,4,0.03441978851142664,0.03407220789402189,0.00731009130784534
1.75,0.2,True,4,4,0.017567024298424695,0.024769695931932904,0.00731009130784534
1.75,0.2,True,8,4,0.0131279575857316,0.018276647606236103,0.00731009130784534
1.75,0.2,True,16,4,0.010725459295953907,0.013885088762676922,0.00731009130784534
1.75,0.2,True,32,4,0.00889294103917348,0.01100579823736283,0.00731009130784534
1.75,0.2,True,64,4,0.007990347310312031,0.009202199409865847,0.00731009130784534
1.75,0.2,False,1,4,0.0327436338884799,0.0475798014837937,0.00731009130784534
1.75,0.2,False,2,4,0.03441839911141417,0.03404562056255531,0.00731009130784534
1.75,0.2,False,4,4,0.017576888522464203,0.02476023526769816,0.00731009130784534
1.75,0.2,False,8,4,0.013126809356925541,0.018274105535247505,0.00731009130784534
1.75,0.2,False,16,4,0.01072685731210584,0.013884320144725093,0.00731009130784534
1.75,0.2,False,32,4,0.008893194202973518,0.011005471603971898,0.00731009130784534
1.75,0.2,False,64,4,0.007990440249516735,0.0092020971881751,0.00731009130784534
1.75,0.4,True,1,0,0.029118704674028363,0.0386402078751789,0.00731009130784534
1.75,0.4,True,2,0,0.019262201403632422,0.027768012767954885,0.00731009130784534
1.75,0.4,True,4,0,0.01416174658130109,0.020468090650230416,0.00731009130784534
1.75,0.4,True,8,0,0.011848216902712354,0.015299174773721428,0.00731009130784534
1.75,0.4,True,16,0,0.009253864226597911,0.011807518004473985,0.00731009130784534
1.75,0.4,True,32,0,0.008410471956711995,0.009734357696615882,0.00731009130784534
1.75,0.4,True,64,0,0.008225110766078025,0.008666053287276085,0.00731009130784534
1.75,0.4,False,1,0,0.0278439891859842,0.0375767387340757,0.00731009130784534
1.75,0.4,False,2,0,0.018841372319702385,0.02690702248879537,0.00731009130784534
1.75,0.4,False,4,0,0.013733968063719857,0.019818931739396157,0.00731009130784534
1.75,0.4,False,8,0,0.012163596804532223,0.014822229889953053,0.00731009130784534
1.75,0.4,False,16,0,0.00909338497733817,0.011500246520954717,0.00731009130784534
1.75,0.4,False,32,0,0.00832846127835795,0.009556542837603411,0.00731009130784534
1.75,0.4,False,64,0,0.008184718016865966,0.00857478534473512,0.00731009130784534
1.75,0.4,True,1,1,0.03039025826947609,0.03933203884284438,0.00731009130784534
1.75,0.4,True,2,1,0.023856754471419488,0.028153095857134013,0.00731009130784534
1.75,0.4,True,4,1,0.01580503072002121,0.020257728773748825,0.00731009130784534
1.75,0.4,True,8,1,0.011345647363597059,0.01506767563111637,0.00731009130784534
1.75,0.4,True,16,1,0.016537658295694535,0.011743143025750264,0.00731009130784534
1.75,0.4,True,32,1,0.00880924499091144,0.009832420427541063,0.00731009130784534
1.75,0.4,True,64,1,0.008409514848124133,0.008897363635122725,0.00731009130784534
1.75,0.4,False,1,1,0.02792087611641897,0.03798301373838299,0.00731009130784534
1.75,0.4,False,2,1,0.022765806108252077,0.02718675410670329,0.00731009130784534
1.75,0.4,False,4,1,0.016439925474945116,0.019591783281687786,0.00731009130784534
1.75,0.4,False,8,1,0.011201669032456408,0.01464265363574663,0.00731009130784534
1.75,0.4,False,16,1,0.016465924680192454,0.011492115129334887,0.00731009130784534
1.75,0.4,False,32,1,0.008805936744709055,0.009704917804408589,0.00731009130784534
1.75,0.4,False,64,1,0.008403140195027246,0.008844207914726706,0.00731009130784534
1.75,0.4,True,1,2,0.032330929073656194,0.03668984948202256,0.00731009130784534
1.75,0.4,True,2,2,0.03875315818818701,0.02620489174407935,0.00731009130784534
1.75,0.4,True,4,2,0.016448347402970208,0.01943582230424874,0.00731009130784534
1.75,0.4,True,8,2,0.023797943767292738,0.014811194918924728,0.00731009130784534
1.75,0.4,True,16,2,0.010060858030174027,0.011682664972225995,0.00731009130784534
1.75,0.4,True,32,2,0.008241493234739527,0.00969412961920985,0.00731009130784534
1.75,0.4,True,64,2,0.007808803982782433,0.008536414886278945,0.00731009130784534
1.75,0.4,False,1,2,0.03560890714849408,0.03531560184735386,0.00731009130784534
1.75,0.4,False,2,2,0.045563089305952584,0.02527238089672437,0.00731009130784534
1.75,0.4,False,4,2,0.017176365024015226,0.01884136207285588,0.00731009130784534
1.75,0.4,False,8,2,0.031367852921701335,0.014434922793322652,0.00731009130784534
1.75,0.4,False,16,2,0.010547931624418146,0.011421315931417321,0.00731009130784534
1.75,0.4,False,32,2,0.008106924159589352,0.009497957949036169,0.00731009130784534
1.75,0.4,False,64,2,0.0077787982277307734,0.008405977819669732,0.00731009130784534
1.75,0.4,True,1,3,0.02574884914148725,0.037298975452575614,0.00731009130784534
1.75,0.4,True,2,3,0.03788508789807772,0.026977985823562266,0.00731009130784534
1.75,0.4,True,4,3,0.014462583817939132,0.01993670960105103,0.00731009130784534
1.75,0.4,True,8,3,0.01165122307273267,0.014912841856633139,0.00731009130784534
1.75,0.4,True,16,3,0.00923496676906068,0.011563564879264123,0.00731009130784534
1.75,0.4,True,32,3,0.010196471637842291,0.009447985880756104,0.00731009130784534
1.75,0.4,True,64,3,0.0077721013676349,0.008313384527181195,0.00731009130784534
1.75,0.4,False,1,3,0.025234463157183737,0.036109411970107336,0.00731009130784534
1.75,0.4,False,2,3,0.049926403811917534,0.026129728518981588,0.00731009130784534
1.75,0.4,False,4,3,0.014082760345764849,0.01931941039900162,0.00731009130784534
1.75,0.4,False,8,3,0.011441019963229174,0.014477281794164135,0.00731009130784534
1.75,0.4,False,16,3,0.009212054600412281,0.011269864223145765,0.00731009130784534
1.75,0.4,False,32,3,0.01076189269611879,0.009275235970718117,0.00731009130784534
1.75,0.4,False,64,3,0.007769760320550798,0.008232621090563039,0.00731009130784534
1.75,0.4,True,1,4,0.024132762181916408,0.036197896580572694,0.00731009130784534
1.75,0.4,True,2,4,0.026847656765841357,0.025563632528172127,0.00731009130784534
1.75,0.4,True,4,4,0.013969816385071023,0.018791781304745517,0.00731009130784534
1.75,0.4,True,8,4,0.01135710893729424,0.014240677783041425,0.00731009130784534
1.75,0.4,True,16,4,0.009092813811061211,0.011237368690856928,0.00731009130784534
1.75,0.4,True,32,4,0.0082241621174069,0.009350799947031757,0.00731009130784534
1.75,0.4,True,64,4,0.007675217064364833,0.008293050349554661,0.00731009130784534
1.75,0.4,False,1,4,0.02358944896096694,0.03521967618857479,0.00731009130784534
1.75,0.4,False,2,4,0.030678461288904925,0.02492208804461534,0.00731009130784534
1.75,0.4,False,4,4,0.014683364271568205,0.018347734729386157,0.00731009130784534
1.75,0.4,False,8,4,0.01159718098535224,0.01391660356169393,0.00731009130784534
1.75,0.4,False,16,4,0.009080078653993181,0.0109986641487819,0.00731009130784534
1.75,0.4,False,32,4,0.008156975457211755,0.009185232351978986,0.00731009130784534
1.75,0.4,False,64,4,0.007666736485482738,0.008205583118394894,0.00731009130784534
1.75,0.8,True,1,0,0.03374113437740124,0.033779957220370214,0.00731009130784534
1.75,0.8,True,2,0,0.016950264667491388,0.02438055602999803,0.00731009130784534
1.75,0.8,True,4,0,0.012655180120434565,0.018071059179747915,0.00731009130784534
1.75,0.8,True,8,0,0.01130865694139778,0.013648109564699154,0.00731009130784534
1.75,0.8,True,16,0,0.008901402274665075,0.010834090498912425,0.00731009130784534
1.75,0.8,True,32,0,0.00828647336248421,0.009251836472778897,0.00731009130784534
1.75,0.8,True,64,0,0.008085131627817202,0.008465078133516895,0.00731009130784534
1.75,0.8,False,1,0,0.0757368712210367,0.028916722850718873,0.00731009130784534
1.75,0.8,False,2,0,0.017668589400776483,0.020345188986329497,0.00731009130784534
1.75,0.8,False,4,0,0.021249600508476692,0.015118776170731964,0.00731009130784534
1.75,0.8,False,8,0,0.043175252245133765,0.011541805550342425,0.00731009130784534
1.75,0.8,False,16,0,0.009378808041901554,0.00954197881274168,0.00731009130784534
1.75,0.8,False,32,0,0.008621241203456406,0.008565783317216169,0.00731009130784534
1.75,0.8,False,64,0,0.00801010385844326,0.008165021330668659,0.00731009130784534
1.75,0.8,True,1,1,0.028387566945867068,0.0342135489650876,0.00731009130784534
1.75,0.8,True,2,1,0.022653253953077768,0.024104349692065305,0.00731009130784534
1.75,0.8,True,4,1,0.015214535853514965,0.017486321382912902,0.00731009130784534
1.75,0.8,True,8,1,0.01045639236754954,0.013318387242064349,0.00731009130784534
1.75,0.8,True,16,1,0.014946686791763928,0.010778546205754018,0.00731009130784534
1.75,0.8,True,32,1,0.008772415952593107,0.009382204934774385,0.00731009130784534
1.75,0.8,True,64,1,0.008385284407262434,0.00871826328723767,0.00731009130784534
1.75,0.8,False,1,1,0.04727774040065147,0.031089276197240223,0.00731009130784534
1.75,0.8,False,2,1,0.15903582545719105,0.020801381656001632,0.00731009130784534
1.75,0.8,False,4,1,0.028884968547840794,0.015122906025726838,0.00731009130784534
1.75,0.8,False,8,1,0.009727818850553896,0.01160334030076048,0.00731009130784534
1.75,0.8,False,16,1,0.013280109500548018,0.00973448912230898,0.00731009130784534
1.75,0.8,False,32,1,0.008711654053196738,0.00885657684961614,0.00731009130784534
1.75,0.8,False,64,1,0.008410501161297023,0.008511785381089335,0.00731009130784534
1.75,0.8,True,1,2,0.027878444462502913,0.03210703586427155,0.00731009130784534
1.75,0.8,True,2,2,0.03842935374340533,0.022950135407631557,0.00731009130784534
1.75,0.8,True,4,2,0.014527308989462313,0.017167968289893618,0.00731009130784534
1.75,0.8,True,8,2,0.024696284443140277,0.013256388286857521,0.00731009130784534
1.75,0.8,True,16,2,0.009348954337892824,0.010738919396860636,0.00731009130784534
1.75,0.8,True,32,2,0.008098518744871887,0.00919640865961698,0.00731009130784534
1.75,0.8,True,64,2,0.007756074730957259,0.008305918015476152,0.00731009130784534
1.75,0.8,False,1,2,0.0545601721800704,0.030672471585313492,0.00731009130784534
1.75,0.8,False,2,2,0.1346073650371406,0.021261929643801723,0.00731009130784534
1.75,0.8,False,4,2,0.01650867862864713,0.015308055837402712,0.00731009130784534
1.75,0.8,False,8,2,0.06022893781051465,0.011680514826638599,0.00731009130784534
1.75,0.8,False,16,2,0.04038906571060908,0.009562674054991092,0.00731009130784534
1.75,0.8,False,32,2,0.007854533026621488,0.008390421996603932,0.00731009130784534
1.75,0.8,False,64,2,0.007790720452245237,0.007890557880280159,0.00731009130784534
1.75,0.8,True,1,3,0.02198749965604635,0.03220384501252216,0.00731009130784534
1.75,0.8,True,2,3,0.03324965526496622,0.0236069802606128,0.00731009130784534
1.75,0.8,True,4,3,0.013242384093578254,0.017649304231244427,0.00731009130784534
1.75,0.8,True,8,3,0.010366605301126817,0.01341260525055356,0.00731009130784534
1.75,0.8,True,16,3,0.008744196969647008,0.010621622448400004,0.00731009130784534
1.75,0.8,True,32,3,0.009655077134313177,0.00892966829697826,0.00731009130784534
1.75,0.8,True,64,3,0.007724914290483302,0.00808622984102736,0.00731009130784534
1.75,0.8,False,1,3,0.03224481356889874,0.02878443914306103,0.00731009130784534
1.75,0.8,False,2,3,0.04576154787525765,0.020503929614136707,0.00731009130784534
1.75,0.8,False,4,3,0.018313711662130108,0.01472894559721603,0.00731009130784534
1.75,0.8,False,8,3,0.011267343439024016,0.011117841080705355,0.00731009130784534
1.75,0.8,False,16,3,0.008638886175783208,0.009190498818140058,0.00731009130784534
1.75,0.8,False,32,3,0.008249242051321548,0.008193893347498106,0.00731009130784534
1.75,0.8,False,64,3,0.0077365219765301784,0.007784107189543764,0.00731009130784534
1.75,0.8,True,1,4,0.020889748214407065,0.03172507170549549,0.00731009130784534
1.75,0.8,True,2,4,0.021296872574421467,0.022186996898302867,0.00731009130784534
1.75,0.8,True,4,4,0.012358660008391096,0.016502802087927617,0.00731009130784534
1.75,0.8,True,8,4,0.010423988124198641,0.012757043455612974,0.00731009130784534
1.75,0.8,True,16,4,0.008765217813143968,0.010344037110953939,0.00731009130784534
1.75,0.8,True,32,4,0.007952709547137417,0.008873694489481082,0.00731009130784534
1.75,0.8,True,64,4,0.007632673134277908,0.008079579979752824,0.00731009130784534
1.75,0.8,False,1,4,0.02113350152182029,0.028144546425622155,0.00731009130784534
1.75,0.8,False,2,4,0.10104070232909697,0.019262715812035296,0.00731009130784534
1.75,0.8,False,4,4,0.2549847775921062,0.01445693525479842,0.00731009130784534
1.75,0.8,False,8,4,0.03865305596175852,0.011387248426826016,0.00731009130784534
1.75,0.8,False,16,4,0.014080366836134124,0.009325523561669454,0.00731009130784534
1.75,0.8,False,32,4,0.007923871376843502,0.008248964528977713,0.00731009130784534
1.75,0.8,False,64,4,0.007696147702404644,0.007798893926711934,0.00731009130784534
1.75,1.2,True,1,0,0.03321067306026806,0.031804325942238004,0.00731009130784534
1.75,1.2,True,2,0,0.016408751736143732,0.023130799295853894,0.00731009130784534
1.75,1.2,True,4,0,0.012202668382724465,0.017285351455319498,0.00731009130784534
1.75,1.2,True,8,0,0.011173585719137277,0.013195911297893041,0.00731009130784534
1.75,1.2,True,16,0,0.008850470425342859,0.010628897790785597,0.00731009130784534
1.75,1.2,True,32,0,0.00826935967258601,0.009170913597841711,0.00731009130784534
1.75,1.2,True,64,0,0.008078780345445425,0.008436183585748826,0.00731009130784534
1.75,1.2,False,1,0,4.972711869677077e+73,9.686290317714996e+68,0.00731009130784534
1.75,1.2,False,2,0,2.660191574941862e+146,5.171101136906009e+142,0.00731009130784534
1.75,1.2,False,4,0,1.4282438016812213e+300,2.915875849380254e+294,0.00731009130784534
1.75,1.2,False,8,0,inf,inf,0.00731009130784534
1.75,1.2,False,16,0,,,0.00731009130784534
1.75,1.2,False,32,0,,,0.00731009130784534
1.75,1.2,False,64,0,,,0.00731009130784534
1.75,1.2,True,1,1,0.02736062642476567,0.032363127155033256,0.00731009130784534
1.75,1.2,True,2,1,0.022202744687926098,0.02274152364238693,0.00731009130784534
1.75,1.2,True,4,1,0.014219334729105176,0.01667464265351636,0.00731009130784534
1.75,1.2,True,8,1,0.010330264116011175,0.012911978110659082,0.00731009130784534
1.75,1.2,True,16,1,0.014942659829987492,0.01061380222499363,0.00731009130784534
1.75,1.2,True,32,1,0.008770663025315203,0.00932405853260129,0.00731009130784534
1.75,1.2,True,64,1,0.008383609690150817,0.008698906651414859,0.00731009130784534
1.75,1.2,False,1,1,2.7322227451563673e+75,9.174061174181477e+69,0.00731009130784534
1.75,1.2,False,2,1,4.7124838974879585e+145,9.947263568597304e+138,0.00731009130784534
1.75,1.2,False,4,1,3.0460622609927313e+289,8.100537047229281e+282,0.00731009130784534
1.75,1.2,False,8,1,inf,inf,0.00731009130784534
1.75,1.2,False,16,1,,,0.00731009130784534
1.75,1.2,False,32,1,,,0.00731009130784534
1.75,1.2,False,64,1,,,0.00731009130784534
1.75,1.2,True,1,2,0.027274606595015,0.030344078271327995,0.00731009130784534
1.75,1.2,True,2,2,0.037964354472340756,0.02173445015992133,0.00731009130784534
1.75,1.2,True,4,2,0.014360777541500851,0.0164215385026785,0.00731009130784534
1.75,1.2,True,8,2,0.024676229654111093,0.012830355138521977,0.00731009130784534
1.75,1.2,True,16,2,0.00919847273075616,0.01053244554071223,0.00731009130784534
1.75,1.2,True,32,2,0.008088953441892628,0.009108654606270328,0.00731009130784534
1.75,1.2,True,64,2,0.007747393004629403,0.008270228442740068,0.00731009130784534
1.75,1.2,False,1,2,8.322788523707852e+95,1.5153544559669139e+91,0.00731009130784534
1.75,1.2,False,2,2,4.459515286387983e+180,2.080862339045379e+175,0.00731009130784534
1.75,1.2,False,4,2,inf,inf,0.00731009130784534
1.75,1.2,False,8,2,,,0.00731009130784534
1.75,1.2,False,16,2,,,0.00731009130784534
1.75,1.2,False,32,2,,,0.00731009130784534
1.75,1.2,False,64,2,,,0.00731009130784534
1.75,1.2,True,1,3,0.02096928258199196,0.03016826359831132,0.00731009130784534
1.75,1.2,True,2,3,0.03322391984567448,0.022432081988179645,0.00731009130784534
1.75,1.2,True,4,3,0.01300021269902364,0.016994041330808878,0.00731009130784534
1.75,1.2,True,8,3,0.010248920646140379,0.01303841230670337,0.00731009130784534
1.75,1.2,True,16,3,0.008667383454026123,0.010420762271845836,0.00731009130784534
1.75,1.2,True,32,3,0.009322051341011484,0.008842829733044311,0.00731009130784534
1.75,1.2,True,64,3,0.007717314509854997,0.008056072846857422,0.00731009130784534
1.75,1.2,False,1,3,6.281700933913342e+72,3.180440163731361e+68,0.00731009130784534
1.75,1.2,False,2,3,1.0305235506289563e+149,1.5011933261504868e+142,0.00731009130784534
1.75,1.2,False,4,3,2.171125361580729e+292,1.5064877236668424e+285,0.00731009130784534
1.75,1.2,False,8,3,inf,inf,0.00731009130784534
1.75,1.2,False,16,3,,,0.00731009130784534
1.75,1.2,False,32,3,,,0.00731009130784534
1.75,1.2,False,64,3,,,0.00731009130784534
1.75,1.2,True,1,4,0.020004199178346272,0.02993740995342366,0.00731009130784534
1.75,1.2,True,2,4,0.020073723341293377,0.020962627188825866,0.00731009130784534
1.75,1.2,True,4,4,0.012194139875927401,0.015794009939903226,0.00731009130784534
1.75,1.2,True,8,4,0.010186179353980007,0.012383847130923392,0.00731009130784534
1.75,1.2,True,16,4,0.008705453177504789,0.010163552272916937,0.00731009130784534
1.75,1.2,True,32,4,0.0079312899469737,0.008795474467256226,0.00731009130784534
1.75,1.2,True,64,4,0.007627369358642184,0.008048656741105189,0.00731009130784534
1.75,1.2,False,1,4,7.018640007940864e+80,5.4541604979681677e+76,0.00731009130784534
1.75,1.2,False,2,4,1.3559283486529209e+157,5.838902880738612e+151,0.00731009130784534
1.75,1.2,False,4,4,5.50149565233994e+296,4.304413100480553e+290,0.00731009130784534
1.75,1.2,False,8,4,inf,inf,0.00731009130784534
1.75,1.2,False,16,4,,,0.00731009130784534
1.75,1.2,False,32,4,,,0.00731009130784534
1.75,1.2,False,64,4,,,0.00731009130784534
2.25,0.2,True,1,0,0.043300849495160776,0.04789206069527246,0.006182662865844615
2.25,0.2,True,2,0,0.02555819753504312,0.034432218888654754,0.006182662865844615
2.25,0.2,True,4,0,0.018695083368882363,0.02503878939119667,0.006182662865844615
2.25,0.2,True,8,0,0.01415552001904447,0.018499863987117313,0.006182662865844615
2.25,0.2,True,16,0,0.010847649125352217,0.013829009551499722,0.006182662865844615
2.25,0.2,True,32,0,0.008277680431386865,0.010683633281294137,0.006182662865844615
2.25,0.2,True,64,0,0.008152331673321944,0.008738838252721792,0.006182662865844615
2.25,0.2,False,1,0,0.043300849495160776,0.04789206069527246,0.006182662865844615
2.25,0.2,False,2,0,0.02555819753504312,0.034432218888654754,0.006182662865844615
2.25,0.2,False,4,0,0.018695083368882363,0.02503878939119667,0.006182662865844615
2.25,0.2,False,8,0,0.01415552001904447,0.018499863987117313,0.006182662865844615
2.25,0.2,False,16,0,0.010847649125352217,0.013829009551499722,0.006182662865844615
2.25,0.2,False,32,0,0.008277680431386865,0.010683633281294137,0.006182662865844615
2.25,0.2,False,64,0,0.008152331673321944,0.008738838252721792,0.006182662865844615
2.25,0.2,True,1,1,0.038357360997579144,0.0496651421611035,0.006182662865844615
2.25,0.2,True,2,1,0.02677970096685654,0.035447955217746706,0.006182662865844615
2.25,0.2,True,4,1,0.027158390687809737,0.02550089235598778,0.006182662865844615
2.25,0.2,True,8,1,0.015452657757256159,0.018885734070863407,0.006182662865844615
2.25,0.2,True,16,1,0.010084606095565723,0.014145019545251023,0.006182662865844615
2.25,0.2,True,32,1,0.0082929833843502,0.010793634801603705,0.006182662865844615
2.25,0.2,True,64,1,0.007181658383925552,0.008657642682224142,0.006182662865844615
2.25,0.2,False,1,1,0.038357360997579144,0.0496651421611035,0.006182662865844615
2.25,0.2,False,2,1,0.02677970096685654,0.035447955217746706,0.006182662865844615
2.25,0.2,False,4,1,0.027158390687809737,0.02550089235598778,0.006182662865844615
2.25,0.2,False,8,1,0.015452657757256159,0.018885734070863407,0.006182662865844615
2.25,0.2,False,16,1,0.010084606095565723,0.014145019545251023,0.006182662865844615
2.25,0.2,False,32,1,0.0082929833843502,0.010793634801603705,0.006182662865844615
2.25,0.2,False,64,1,0.007181658383925552,0.008657642682224142,0.006182662865844615
2.25,0.2,True,1,2,0.06865916499399839,0.04908731054416174,0.006182662865844615
2.25,0.2,True,2,2,0.024382086100450874,0.03497084768236534,0.006182662865844615
2.25,0.2,True,4,2,0.017263435895228378,0.025222325517095686,0.006182662865844615
2.25,0.2,True,8,2,0.012595565292859863,0.01830082823519121,0.006182662865844615
2.25,0.2,True,16,2,0.009918661594744015,0.01356968099637286,0.006182662865844615
2.25,0.2,True,32,2,0.008390983035503214,0.010457465303258126,0.006182662865844615
2.25,0.2,True,64,2,0.007348264052201347,0.008526383996589731,0.006182662865844615
2.25,0.2,False,1,2,0.06865916499399839,0.04908731054416174,0.006182662865844615
2.25,0.2,False,2,2,0.024382086100450874,0.03497084768236534,0.006182662865844615
2.25,0.2,False,4,2,0.017263435895228378,0.025222325517095686,0.006182662865844615
2.25,0.2,False,8,2,0.012595565292859863,0.01830082823519121,0.006182662865844615
2.25,0.2,False,16,2,0.009918661594744015,0.01356968099637286,0.006182662865844615
2.25,0.2,False,32,2,0.008390983035503214,0.010457465303258126,0.006182662865844615
2.25,0.2,False,64,2,0.007348264052201347,0.008526383996589731,0.006182662865844615
2.25,0.2,True,1,3,0.03827142057012616,0.050691828244926934,0.006182662865844615
2.25,0.2,True,2,3,0.0319925822293841,0.03683950876665579,0.006182662865844615
2.25,0.2,True,4,3,0.020429107108989028,0.027068428773914358,0.006182662865844615
2.25,0.2,True,8,3,0.029648321984122716,0.019792916606616542,0.006182662865844615
2.25,0.2,True,16,3,0.010745820530219823,0.014504070788732197,0.006182662865844615
2.25,0.2,True,32,3,0.008569812584637859,0.010891199257082724,0.006182662865844615
2.25,0.2,True,64,3,0.007426951356009466,0.008628356417581914,0.006182662865844615
2.25,0.2,False,1,3,0.038277259348818135,0.05069177825186016,0.006182662865844615
2.25,0.2,False,2,3,0.03199258774763781,0.03683942456371875,0.006182662865844615
2.25,0.2,False,4,3,0.02042907685959066,0.027068339692905306,0.006182662865844615
2.25,0.2,False,8,3,0.029647754986850367,0.01979286354105255,0.006182662865844615
2.25,0.2,False,16,3,0.010745768609370526,0.014504027882489638,0.006182662865844615
2.25,0.2,False,32,3,0.008569806852798574,0.01089117099623678,0.006182662865844615
2.25,0.2,False,64,3,0.007426951784999271,0.008628346500760766,0.006182662865844615
2.25,0.2,True,1,4,0.03244026327759138,0.04851635811107567,0.006182662865844615
2.25,0.2,True,2,4,0.02326229273093956,0.03465875913174209,0.006182662865844615
2.25,0.2,True,4,4,0.017384846251266874,0.024939438370187864,0.006182662865844615
2.25,0.2,True,8,4,0.012589970986438758,0.018139287819538993,0.006182662865844615
2.25,0.2,True,16,4,0.015873867404710893,0.013461359717114579,0.006182662865844615
2.25,0.2,True,32,4,0.007675888636463331,0.010257206051386905,0.006182662865844615
2.25,0.2,True,64,4,0.006832046602447356,0.00815237159788311,0.006182662865844615
2.25,0.2,False,1,4,0.03244026327759138,0.04851635811107567,0.006182662865844615
2.25,0.2,False,2,4,0.02326229273093956,0.03465875913174209,0.006182662865844615
2.25,0.2,False,4,4,0.017384846251266874,0.024939438370187864,0.006182662865844615
2.25,0.2,False,8,4,0.012589970986438758,0.018139287819538993,0.006182662865844615
2.25,0.2,False,16,4,0.015873867404710893,0.013461359717114579,0.006182662865844615
2.25,0.2,False,32,4,0.007675888636463331,0.010257206051386905,0.006182662865844615
2.25,0.2,False,64,4,0.006832046602447356,0.00815237159788311,0.006182662865844615
2.25,0.4,True,1,0,0.04931580808442326,0.03542907869887828,0.006182662865844615
2.25,0.4,True,2,0,0.021191862011753618,0.025453720379487538,0.006182662865844615
2.25,0.4,True,4,0,0.013781939290985512,0.01862982046655052,0.006182662865844615
2.25,0.4,True,8,0,0.01303001638351994,0.013989961493057822,0.006182662865844615
2.25,0.4,True,16,0,0.00914008286772094,0.010815018095309936,0.006182662865844615
2.25,0.4,True,32,0,0.007438075845894768,0.008822223719969652,0.006182662865844615
2.25,0.4,True,64,0,0.007186870463925998,0.00770337944217703,0.006182662865844615
2.25,0.4,False,1,0,0.048644044027001676,0.03500573909405381,0.006182662865844615
2.25,0.4,False,2,0,0.021337371950700998,0.025092631958517648,0.006182662865844615
2.25,0.4,False,4,0,0.013650473365793125,0.018383397681023907,0.006182662865844615
2.25,0.4,False,8,0,0.012881734914118882,0.013814861579891745,0.006182662865844615
2.25,0.4,False,16,0,0.009372345962482704,0.0106747475984519,0.006182662865844615
2.25,0.4,False,32,0,0.007395843803862169,0.008718400728546469,0.006182662865844615
2.25,0.4,False,64,0,0.007159372224848371,0.007644980591376127,0.006182662865844615
2.25,0.4,True,1,1,0.036131531544879705,0.03615798163648309,0.006182662865844615
2.25,0.4,True,2,1,0.024335574639713788,0.02579590866774063,0.006182662865844615
2.25,0.4,True,4,1,0.023004705790778776,0.018866535776017733,0.006182662865844615
2.25,0.4,True,8,1,0.013368726595252511,0.01416778124108052,0.006182662865844615
2.25,0.4,True,16,1,0.008470481438619977,0.01081741279544131,0.006182662865844615
2.25,0.4,True,32,1,0.007325333853492223,0.00868293372087976,0.006182662865844615
2.25,0.4,True,64,1,0.006792120931586496,0.007502024613811416,0.006182662865844615
2.25,0.4,False,1,1,0.03570495990017361,0.035738926974158806,0.006182662865844615
2.25,0.4,False,2,1,0.027425430523535188,0.02552782515527723,0.006182662865844615
2.25,0.4,False,4,1,0.022452992483774012,0.018708382020513847,0.006182662865844615
2.25,0.4,False,8,1,0.013330362796775647,0.014040427354917229,0.006182662865844615
2.25,0.4,False,16,1,0.008505974084958094,0.010718915064700373,0.006182662865844615
2.25,0.4,False,32,1,0.007322301739369904,0.008616393376616594,0.006182662865844615
2.25,0.4,False,64,1,0.006780867608954747,0.007464787996671794,0.006182662865844615
2.25,0.4,True,1,2,0.0785699638663371,0.035638105441699805,0.006182662865844615
2.25,0.4,True,2,2,0.023447789984259074,0.02550266036437423,0.006182662865844615
2.25,0.4,True,4,2,0.01318341814984555,0.018523524236611844,0.006182662865844615
2.25,0.4,True,8,2,0.009948554834388114,0.013696275072245532,0.006182662865844615
2.25,0.4,True,16,2,0.008391099580752013,0.010531448748518045,0.006182662865844615
2.25,0.4,True,32,2,0.007328709834944938,0.008571843799311384,0.006182662865844615
2.25,0.4,True,64,2,0.007167981089020487,0.007493910796673078,0.006182662865844615
2.25,0.4,False,1,2,0.07739747406715221,0.034925832756690776,0.006182662865844615
2.25,0.4,False,2,2,0.026817010831529185,0.025098628504877544,0.006182662865844615
2.25,0.4,False,4,2,0.013153684146979946,0.018275418803318257,0.006182662865844615
2.25,0.4,False,8,2,0.009860690406796204,0.013530517722273592,0.006182662865844615
2.25,0.4,False,16,2,0.008551406138704289,0.010421849732527569,0.006182662865844615
2.25,0.4,False,32,2,0.007308798941287442,0.008500013976949888,0.006182662865844615
2.25,0.4,False,64,2,0.007089486368619597,0.007452085837182943,0.006182662865844615
2.25,0.4,True,1,3,0.030936853599964738,0.03754434912880484,0.006182662865844615
2.25,0.4,True,2,3,0.024784779042679075,0.027423646435205104,0.006182662865844615
2.25,0.4,True,4,3,0.016347898290249126,0.02005364129195851,0.006182662865844615
2.25,0.4,True,8,3,0.03039430901766812,0.014613284781054567,0.006182662865844615
2.25,0.4,True,16,3,0.00844452339359032,0.01096904150843097,0.006182662865844615
2.25,0.4,True,32,3,0.007408741908085538,0.00868447672475526,0.006182662865844615
2.25,0.4,True,64,3,0.00787564596658812,0.007345685213998814,0.006182662865844615
2.25,0.4,False,1,3,0.031203628704983968,0.037176458828725785,0.006182662865844615
2.25,0.4,False,2,3,0.025965629770965035,0.02708815845361962,0.006182662865844615
2.25,0.4,False,4,3,0.016282688560833224,0.019761571993558755,0.006182662865844615
2.25,0.4,False,8,3,0.030070292830173154,0.014411716521755966,0.006182662865844615
2.25,0.4,False,16,3,0.008454404010044575,0.010832689100428974,0.006182662865844615
2.25,0.4,False,32,3,0.007431234038448804,0.008592088974027289,0.006182662865844615
2.25,0.4,False,64,3,0.007850021098291388,0.0072918677116854975,0.006182662865844615
2.25,0.4,True,1,4,0.025857992757543014,0.03593001629341354,0.006182662865844615
2.25,0.4,True,2,4,0.019926026590675255,0.025718836312137977,0.006182662865844615
2.25,0.4,True,4,4,0.013919673171119442,0.018596091129396138,0.006182662865844615
2.25,0.4,True,8,4,0.0106300518660495,0.013681890665691806,0.006182662865844615
2.25,0.4,True,16,4,0.01178791513298472,0.010360992171147323,0.006182662865844615
2.25,0.4,True,32,4,0.006681785435218557,0.008215677193700964,0.006182662865844615
2.25,0.4,True,64,4,0.006291942414887693,0.00694357793876314,0.006182662865844615
2.25,0.4,False,1,4,0.02536863341621272,0.035114351202357834,0.006182662865844615
2.25,0.4,False,2,4,0.01988728632379957,0.025194775191657238,0.006182662865844615
2.25,0.4,False,4,4,0.014626754420594114,0.018268688109075927,0.006182662865844615
2.25,0.4,False,8,4,0.010848585474784291,0.013472597718470205,0.006182662865844615
2.25,0.4,False,16,4,0.010553531540893658,0.010225268620649743,0.006182662865844615
2.25,0.4,False,32,4,0.006670726995479659,0.008129914868040412,0.006182662865844615
2.25,0.4,False,64,4,0.006276660712608957,0.006892554236509746,0.006182662865844615
2.25,0.8,True,1,0,0.04932513114232318,0.031054174037615633,0.006182662865844615
2.25,0.8,True,2,0,0.01854228077933163,0.021975801249758467,0.006182662865844615
2.25,0.8,True,4,0,0.012745520838164836,0.016092567921203144,0.006182662865844615
2.25,0.8,True,8,0,0.014615690807733225,0.012267284318762619,0.006182662865844615
2.25,0.8,True,16,0,0.008764148210994069,0.009757780813104619,0.006182662865844615
2.25,0.8,True,32,0,0.007254299241119838,0.008243307894664213,0.006182662865844615
2.25,0.8,True,64,0,0.007048766214385405,0.00743459997131172,0.006182662865844615
2.25,0.8,False,1,0,0.09609795994774563,0.027523751017752635,0.006182662865844615
2.25,0.8,False,2,0,0.014944766260358906,0.019062879104493675,0.006182662865844615
2.25,0.8,False,4,0,0.012664185182191768,0.013883292050198512,0.006182662865844615
2.25,0.8,False,8,0,0.012848824594149797,0.010720853518074934,0.006182662865844615
2.25,0.8,False,16,0,0.01929932247422088,0.008767663482197319,0.006182662865844615
2.25,0.8,False,32,0,0.007521929140438908,0.007658494635504109,0.006182662865844615
2.25,0.8,False,64,0,0.006968850033856194,0.0071583797565859565,0.006182662865844615
2.25,0.8,True,1,1,0.03585526014498233,0.031145955674563672,0.006182662865844615
2.25,0.8,True,2,1,0.025017004415114022,0.02215684607257356,0.006182662865844615
2.25,0.8,True,4,1,0.01823339354705644,0.016177125707833136,0.006182662865844615
2.25,0.8,True,8,1,0.01140094151252358,0.012187293073011148,0.006182662865844615
2.25,0.8,True,16,1,0.008123929645955198,0.009562344559070027,0.006182662865844615
2.25,0.8,True,32,1,0.007122213224548788,0.008003950042741882,0.006182662865844615
2.25,0.8,True,64,1,0.006734232411198549,0.0071889699795028884,0.006182662865844615
2.25,0.8,False,1,1,0.04747908958924577,0.0274115788443893,0.006182662865844615
2.25,0.8,False,2,1,0.08531281557307033,0.01939377955151978,0.006182662865844615
2.25,0.8,False,4,1,0.030873127459449607,0.014112042317080766,0.006182662865844615
2.25,0.8,False,8,1,0.01697217673948953,0.010636088757234896,0.006182662865844615
2.25,0.8,False,16,1,0.0087546237246386,0.008542737406552196,0.006182662865844615
2.25,0.8,False,32,1,0.007710579612884469,0.007431374312049785,0.006182662865844615
2.25,0.8,False,64,1,0.006734134655439098,0.006926827512553971,0.006182662865844615
2.25,0.8,True,1,2,0.07988280890053132,0.030969453941628748,0.006182662865844615
2.25,0.8,True,2,2,0.02150541328327931,0.02207043256051908,0.006182662865844615
2.25,0.8,True,4,2,0.01261397731603153,0.016040122296336407,0.006182662865844615
2.25,0.8,True,8,2,0.009086183444584053,0.012021344874555272,0.006182662865844615
2.25,0.8,True,16,2,0.007948651639302029,0.009490009255154135,0.006182662865844615
2.25,0.8,True,32,2,0.007068543820685186,0.008014571507804713,0.006182662865844615
2.25,0.8,True,64,2,0.007126329159062532,0.007236530612483555,0.006182662865844615
2.25,0.8,False,1,2,0.05378561059549537,0.02496672840706131,0.006182662865844615
2.25,0.8,False,2,2,0.0732645037805172,0.018663513282652082,0.006182662865844615
2.25,0.8,False,4,2,0.01221464370444235,0.013850291591088514,0.006182662865844615
2.25,0.8,False,8,2,0.015127448786310388,0.010506353871044538,0.006182662865844615
2.25,0.8,False,16,2,0.008632744673218295,0.008517183648234191,0.006182662865844615
2.25,0.8,False,32,2,0.007738306793300228,0.007464037488414771,0.006182662865844615
2.25,0.8,False,64,2,0.0070780683050376,0.00698650410679926,0.006182662865844615
2.25,0.8,True,1,3,0.0380402960711486,0.032813626238235576,0.006182662865844615
2.25,0.8,True,2,3,0.02088130818840826,0.023849851630776495,0.006182662865844615
2.25,0.8,True,4,3,0.013832852802574638,0.017430846989403948,0.006182662865844615
2.25,0.8,True,8,3,0.03382631982111643,0.012783596492361573,0.006182662865844615
2.25,0.8,True,16,3,0.0078733023050101,0.009810117270526825,0.006182662865844615
2.25,0.8,True,32,3,0.007252217635610897,0.008012044214937683,0.006182662865844615
2.25,0.8,True,64,3,0.008197213034277413,0.007010283489294839,0.006182662865844615
2.25,0.8,False,1,3,0.03426737736980443,0.028363101680053706,0.006182662865844615
2.25,0.8,False,2,3,0.0421830835510676,0.020031144030851898,0.006182662865844615
2.25,0.8,False,4,3,0.017324971664055364,0.014408898909656267,0.006182662865844615
2.25,0.8,False,8,3,0.03900733002789509,0.010765451234369687,0.006182662865844615
2.25,0.8,False,16,3,0.007955175326345773,0.008559144500778972,0.006182662865844615
2.25,0.8,False,32,3,0.007292675863025462,0.007268403330892746,0.006182662865844615
2.25,0.8,False,64,3,0.008360774317802301,0.006649738084560302,0.006182662865844615
2.25,0.8,True,1,4,0.021812336459114443,0.03217605250174857,0.006182662865844615
2.25,0.8,True,2,4,0.022452054095346594,0.02285328409693172,0.006182662865844615
2.25,0.8,True,4,4,0.01332763984341922,0.01651789109259309,0.006182662865844615
2.25,0.8,True,8,4,0.011399257472551234,0.012178749619937715,0.006182662865844615
2.25,0.8,True,16,4,0.01097589320823056,0.009319545054468421,0.006182662865844615
2.25,0.8,True,32,4,0.006475016733288437,0.00758474614403618,0.006182662865844615
2.25,0.8,True,64,4,0.006316358895231091,0.006630014886857941,0.006182662865844615
2.25,0.8,False,1,4,0.023637307425671498,0.027206386897013712,0.006182662865844615
2.25,0.8,False,2,4,0.03648105036913783,0.019083366182386607,0.006182662865844615
2.25,0.8,False,4,4,0.015262768423243051,0.013901014255978218,0.006182662865844615
2.25,0.8,False,8,4,0.016489012086297015,0.010318042201800472,0.006182662865844615
2.25,0.8,False,16,4,0.008601503475602035,0.008108933286880386,0.006182662865844615
2.25,0.8,False,32,4,0.0068640552398420845,0.006876710826280734,0.006182662865844615
2.25,0.8,False,64,4,0.0062617181304847214,0.006282797029087244,0.006182662865844615
2.25,1.2,True,1,0,0.04883186952581632,0.030569994045427033,0.006182662865844615
2.25,1.2,True,2,0,0.01817482125672663,0.021582330333360388,0.006182662865844615
2.25,1.2,True,4,0,0.012608505262932656,0.01584934932502447,0.006182662865844615
2.25,1.2,True,8,0,0.014535730031617775,0.012119265425571608,0.006182662865844615
2.25,1.2,True,16,0,0.008722973663918564,0.009672543196132382,0.006182662865844615
2.25,1.2,True,32,0,0.007238986039828367,0.008200625497540444,0.006182662865844615
2.25,1.2,True,64,0,0.007043563576110033,0.0074172556716727315,0.006182662865844615
2.25,1.2,False,1,0,2.331115926238721e+28,1.3765404229375798e+24,0.006182662865844615
2.25,1.2,False,2,0,1.3373158801393828e+46,1.0130258779974276e+43,0.006182662865844615
2.25,1.2,False,4,0,1.2224498608712544e+84,9.53114074939171e+77,0.006182662865844615
2.25,1.2,False,8,0,2.0326617227896834e+159,5.8629492446987356e+153,0.006182662865844615
2.25,1.2,False,16,0,inf,inf,0.006182662865844615
2.25,1.2,False,32,0,,,0.006182662865844615
2.25,1.2,False,64,0,,,0.006182662865844615
2.25,1.2,True,1,1,0.035548751304150354,0.030291998868089073,0.006182662865844615
2.25,1.2,True,2,1,0.025120330507345096,0.02148572095958659,0.006182662865844615
2.25,1.2,True,4,1,0.01734987877271355,0.015666682252199575,0.006182662865844615
2.25,1.2,True,8,1,0.01110819886228019,0.011833059997504163,0.006182662865844615
2.25,1.2,True,16,1,0.008069887508970102,0.009377709079088702,0.006182662865844615
2.25,1.2,True,32,1,0.007102644559020873,0.007923633644168291,0.006182662865844615
2.25,1.2,True,64,1,0.006733132782543791,0.007157855349437063,0.006182662865844615
2.25,1.2,False,1,1,112226403199338.39,303615994791.2605,0.006182662865844615
2.25,1.2,False,2,1,9.128293730453531e+30,2.818279488537911e+26,0.006182662865844615
2.25,1.2,False,4,1,6.732446716142374e+60,4.975161443024937e+56,0.006182662865844615
2.25,1.2,False,8,1,9.456093711695603e+116,5.550911847608416e+112,0.006182662865844615
2.25,1.2,False,16,1,1.3155418739490969e+240,3.207184222470521e+233,0.006182662865844615
2.25,1.2,False,32,1,inf,inf,0.006182662865844615
2.25,1.2,False,64,1,,,0.006182662865844615
2.25,1.2,True,1,2,0.07772419556357517,0.030564827253983726,0.006182662865844615
2.25,1.2,True,2,2,0.02147000331997208,0.021726501294559823,0.006182662865844615
2.25,1.2,True,4,2,0.012711229068382537,0.015817653897022544,0.006182662865844615
2.25,1.2,True,8,2,0.0090562356012659,0.011880797395885627,0.006182662865844615
2.25,1.2,True,16,2,0.007918404157516315,0.009411284932738214,0.006182662865844615
2.25,1.2,True,32,2,0.007054134449451152,0.007974920471629303,0.006182662865844615
2.25,1.2,True,64,2,0.007125341594505435,0.007217788032933965,0.006182662865844615
2.25,1.2,False,1,2,1.5187732481838886e+18,558468125535286.56,0.006182662865844615
2.25,1.2,False,2,2,3.8333225472034535e+38,1.0145543790247207e+34,0.006182662865844615
2.25,1.2,False,4,2,5.680640227197037e+85,8.515547171662123e+80,0.006182662865844615
2.25,1.2,False,8,2,1.4557932211734648e+170,1.1978788619011014e+163,0.006182662865844615
2.25,1.2,False,16,2,inf,inf,0.006182662865844615
2.25,1.2,False,32,2,,,0.006182662865844615
2.25,1.2,False,64,2,,,0.006182662865844615
2.25,1.2,True,1,3,0.043295238177594814,0.03220666252308009,0.006182662865844615
2.25,1.2,True,2,3,0.020495243962196437,0.023462268273814115,0.006182662865844615
2.25,1.2,True,4,3,0.013653234849003522,0.01715218171925877,0.006182662865844615
2.25,1.2,True,8,3,0.03356208340638519,0.012622038444734182,0.006182662865844615
2.25,1.2,True,16,3,0.007855456081850967,0.00973256189556317,0.006182662865844615
2.25,1.2,True,32,3,0.007242668337746564,0.007978172650001844,0.006182662865844615
2.25,1.2,True,64,3,0.008153914703068822,0.006996715255018231,0.006182662865844615
2.25,1.2,False,1,3,1.294639392855255e+17,65597387998780.16,0.006182662865844615
2.25,1.2,False,2,3,2.5897046659311317e+43,1.4134662727372136e+39,0.006182662865844615
2.25,1.2,False,4,3,2.2711930567428605e+76,2.45047471958987e+71,0.006182662865844615
2.25,1.2,False,8,3,2.809896629962468e+154,8.040130482277326e+149,0.006182662865844615
2.25,1.2,False,16,3,6.990529845678226e+300,3.3949621779779604e+294,0.006182662865844615
2.25,1.2,False,32,3,,,0.006182662865844615
2.25,1.2,False,64,3,,,0.006182662865844615
2.25,1.2,True,1,4,0.021631574316513857,0.03162792031590418,0.006182662865844615
2.25,1.2,True,2,4,0.022131705761043077,0.022455546920878783,0.006182662865844615
2.25,1.2,True,4,4,0.013924303902912421,0.016232548666609736,0.006182662865844615
2.25,1.2,True,8,4,0.012452456476475528,0.011983084259924634,0.006182662865844615
2.25,1.2,True,16,4,0.010967260856669806,0.009212378921955287,0.006182662865844615
2.25,1.2,True,32,4,0.006467109162653964,0.007537306514345204,0.006182662865844615
2.25,1.2,True,64,4,0.006332648128870684,0.006612665802467362,0.006182662865844615
2.25,1.2,False,1,4,5052900135285472.0,299743652251.8018,0.006182662865844615
2.25,1.2,False,2,4,2.231136351009345e+32,8.039516660978513e+28,0.006182662865844615
2.25,1.2,False,4,4,3.165524273689448e+69,7.228934959061686e+65,0.006182662865844615
2.25,1.2,False,8,4,2.750964895076447e+148,7.278513674553112e+143,0.006182662865844615
2.25,1.2,False,16,4,9.856035053533876e+300,3.7593328751907354e+293,0.006182662865844615
2.25,1.2,False,32,4,inf,inf,0.006182662865844615
2.25,1.2,False,64,4,,,0.006182662865844615
