b,n,K,seed,last,average,floor
1.4,256,512,0,0.6353882509685024,0.6354567325218696,0.6643756107506337
1.4,256,512,1,0.6916561680161522,0.691948735095959,0.6643756107506337
1.4,256,512,2,0.6455860469124126,0.6462059306239128,0.6643756107506337
1.4,256,512,3,0.6965165310244081,0.6960635942643387,0.6643756107506337
1.4,256,512,4,0.6614765899855487,0.6620044600686548,0.6643756107506337
1.4,512,512,0,0.5340105602601144,0.5347051880849126,0.5524383202279007
1.4,512,512,1,0.5901846545825364,0.5906415403520244,0.5524383202279007
1.4,512,512,2,0.5746501211500207,0.5744415987923742,0.5524383202279007
1.4,512,512,3,0.5450552340399325,0.5459444657708952,0.5524383202279007
1.4,512,512,4,0.5678729957434115,0.5686791055455437,0.5524383202279007
1.4,1024,512,0,0.46494602533306656,0.46532407430677797,0.45928777557494255
1.4,1024,512,1,0.482261425569999,0.48265199313359464,0.45928777557494255
1.4,1024,512,2,0.4895303956939836,0.49121908105511003,0.45928777557494255
1.4,1024,512,3,0.470898761386084,0.4702904623219359,0.45928777557494255
1.4,1024,512,4,0.4740908211902902,0.47410756652009883,0.45928777557494255
1.4,2048,512,0,0.3820401908556929,0.38239119528837606,0.38181771910211926
1.4,2048,512,1,0.3982914034035649,0.39856695132390385,0.38181771910211926
1.4,2048,512,2,0.39975277645675766,0.4002751256896685,0.38181771910211926
1.4,2048,512,3,0.38173117835527753,0.3825147933676763,0.38181771910211926
1.4,2048,512,4,0.3877628481903534,0.3881524077336265,0.38181771910211926
1.4,4096,512,0,0.3219526390595282,0.32264567450398424,0.3174121190976681
1.4,4096,512,1,0.3359991107331726,0.336363971000036,0.3174121190976681
1.4,4096,512,2,0.32319638445487275,0.3239676663374381,0.3174121190976681
1.4,4096,512,3,0.32022442661479067,0.3207599052406822,0.3174121190976681
1.4,4096,512,4,0.337136112441018,0.3377834530408539,0.3174121190976681
1.4,8192,512,0,0.26616184461731257,0.2666918790686697,0.263885747914612
1.4,8192,512,1,0.27359998487008097,0.27418092272818934,0.263885747914612
1.4,8192,512,2,0.2557831298429963,0.25659016760659353,0.263885747914612
1.4,8192,512,3,0.2650375008539681,0.2655886610594687,0.263885747914612
1.4,8192,512,4,0.27220118657827014,0.2726769232323267,0.263885747914612
1.7,256,512,0,0.1372986209723686,0.1373380538725953,0.14870933101798287
1.7,256,512,1,0.16285081218066388,0.16292088541933747,0.14870933101798287
1.7,256,512,2,0.13780320706675891,0.13795715865837344,0.14870933101798287
1.7,256,512,3,0.1623787480766383,0.16226972510428178,0.14870933101798287
1.7,256,512,4,0.14521397363987745,0.14533902217214548,0.14870933101798287
1.7,512,512,0,0.09903109396600134,0.09916245405652498,0.107683175666655
1.7,512,512,1,0.11766537574167746,0.11782744525717614,0.107683175666655
1.7,512,512,2,0.11262004595232429,0.1126250690224749,0.107683175666655
1.7,512,512,3,0.10435868489897442,0.104548513804944,0.107683175666655
1.7,512,512,4,0.11161996028293869,0.11172655751509185,0.107683175666655
1.7,1024,512,0,0.0794772364523105,0.07953574717343771,0.07794957493141118
1.7,1024,512,1,0.08494027196153567,0.08502104373366999,0.07794957493141118
1.7,1024,512,2,0.08730443918042116,0.08755388955576345,0.07794957493141118
1.7,1024,512,3,0.07783829642328118,0.07774891126159228,0.07794957493141118
1.7,1024,512,4,0.08173094027271374,0.0817608820984709,0.07794957493141118
1.7,2048,512,0,0.057350933246952035,0.05741464149910631,0.05641699150380856
1.7,2048,512,1,0.05959024116738147,0.05965932742686389,0.05641699150380856
1.7,2048,512,2,0.06226626302067929,0.062345603591090606,0.05641699150380856
1.7,2048,512,3,0.05606318460040146,0.056183272444287155,0.05641699150380856
1.7,2048,512,4,0.057174058369612354,0.05727246319732253,0.05641699150380856
1.7,4096,512,0,0.04149835275856924,0.04161566414481225,0.040829815200310135
1.7,4096,512,1,0.04540261340466157,0.04546936873183798,0.040829815200310135
1.7,4096,512,2,0.04190493419672416,0.04202002415213797,0.040829815200310135
1.7,4096,512,3,0.04169618405038352,0.04178810578527661,0.040829815200310135
1.7,4096,512,4,0.04534072049284056,0.04544646895063577,0.040829815200310135
1.7,8192,512,0,0.029990792706310478,0.030073891195022698,0.02954933369016946
1.7,8192,512,1,0.0317040634630865,0.03179983636099729,0.02954933369016946
1.7,8192,512,2,0.027681699356848388,0.02779325361569379,0.02954933369016946
1.7,8192,512,3,0.029661906540647393,0.02974747014787855,0.02954933369016946
1.7,8192,512,4,0.031230706741699164,0.031316656618643135,0.02954933369016946
2.0,256,512,0,0.03811594990355858,0.0381370078730269,0.04237938562977577
2.0,256,512,1,0.049687358603565594,0.04970684099092007,0.04237938562977577
2.0,256,512,2,0.037127402737650694,0.03717125995740859,0.04237938562977577
2.0,256,512,3,0.05008854827417811,0.05007719033498859,0.04237938562977577
2.0,256,512,4,0.04006452621276043,0.04009994244122391,0.04237938562977577
2.0,512,512,0,0.023130774491172772,0.023167809645205005,0.026726267089098896
2.0,512,512,1,0.029519269776302162,0.02957252374642514,0.026726267089098896
2.0,512,512,2,0.02790351007852244,0.02791374845659349,0.026726267089098896
2.0,512,512,3,0.025373773556555766,0.02542362082789547,0.026726267089098896
2.0,512,512,4,0.02767117961321094,0.027691294793232926,0.026726267089098896
2.0,1024,512,0,0.017243705341889685,0.017256598746097567,0.016845637376642332
2.0,1024,512,1,0.019147310521196805,0.019166696252989696,0.016845637376642332
2.0,1024,512,2,0.019828120409288264,0.01987376840383272,0.016845637376642332
2.0,1024,512,3,0.016230164520065756,0.01622133254045499,0.016845637376642332
2.0,1024,512,4,0.017824100508429835,0.01783731383865989,0.016845637376642332
2.0,2048,512,0,0.01110728260843101,0.011121248576447609,0.01061499937018547
2.0,2048,512,1,0.011264312044519097,0.011282609389044698,0.01061499937018547
2.0,2048,512,2,0.012552396476354033,0.01256885261742398,0.01061499937018547
2.0,2048,512,3,0.010466902640706608,0.010488759997714233,0.01061499937018547
2.0,2048,512,4,0.010680952855401701,0.010706186350335548,0.01061499937018547
2.0,4096,512,0,0.006840198701870376,0.006861805479277295,0.006688008024161136
2.0,4096,512,1,0.007836516531345991,0.007850248474317593,0.006688008024161136
2.0,4096,512,2,0.006916446292989192,0.006937216063844265,0.006688008024161136
2.0,4096,512,3,0.006957527721696613,0.006975361932596462,0.006688008024161136
2.0,4096,512,4,0.007734665697006657,0.0077536891331459875,0.006688008024161136
2.0,8192,512,0,0.004317257890419941,0.004331655746940288,0.004213607946682828
2.0,8192,512,1,0.004716883381452626,0.004734024620793864,0.004213607946682828
2.0,8192,512,2,0.003794123417229126,0.0038125429246565535,0.004213607946682828
2.0,8192,512,3,0.0042270654436622835,0.004241988737665582,0.004213607946682828
2.0,8192,512,4,0.0045922989731192205,0.004608284923838442,0.004213607946682828
2.4,256,512,0,0.008515910428521303,0.008524083696874756,0.009600132297526306
2.4,256,512,1,0.012566978467619939,0.01257130036843426,0.009600132297526306
2.4,256,512,2,0.007716372957446366,0.0077260497673461185,0.009600132297526306
2.4,256,512,3,0.013371803743370856,0.013377699597389308,0.009600132297526306
2.4,256,512,4,0.008528195525854114,0.008536094783357378,0.009600132297526306
2.4,512,512,0,0.003984191119457664,0.0039944976667766075,0.005035922810068477
2.4,512,512,1,0.005576866843707287,0.005588849059312963,0.005035922810068477
2.4,512,512,2,0.005145257229809683,0.005148706878269948,0.005035922810068477
2.4,512,512,3,0.004650161186151686,0.004660351041706357,0.005035922810068477
2.4,512,512,4,0.005140542499117503,0.005144113087976756,0.005035922810068477
2.4,1024,512,0,0.0026971249545081175,0.002699644823174162,0.0026393678401369883
2.4,1024,512,1,0.003202577306195011,0.0032059247479494474,0.0026393678401369883
2.4,1024,512,2,0.0033019523659205924,0.00330896052271449,0.0026393678401369883
2.4,1024,512,3,0.0024219358784971423,0.002423701547924397,0.0026393678401369883
2.4,1024,512,4,0.0027921736851572376,0.002795699157252533,0.0026393678401369883
2.4,2048,512,0,0.0015292005322198072,0.0015314469249993264,0.0013827066813101524
2.4,2048,512,1,0.001464657968767708,0.0014678416687670223,0.0013827066813101524
2.4,2048,512,2,0.0018373502354253276,0.001840149942749473,0.0013827066813101524
2.4,2048,512,3,0.001348993601870438,0.0013518586470446592,0.0013827066813101524
2.4,2048,512,4,0.0013737903305534541,0.0013780686739934024,0.0013827066813101524
2.4,4096,512,0,0.0007490008508038425,0.0007515684680217393,0.0007242115237473748
2.4,4096,512,1,0.000910237341448611,0.0009121281598658367,0.0007242115237473748
2.4,4096,512,2,0.0007548351426907859,0.0007574026872525178,0.0007242115237473748
2.4,4096,512,3,0.0007812143382301415,0.0007835337097162085,0.0007242115237473748
2.4,4096,512,4,0.0008743527131550244,0.0008765619148891847,0.0007242115237473748
2.4,8192,512,0,0.00039608298947913596,0.00039766103354697493,0.00037927656615342357
2.4,8192,512,1,0.0004547872599218032,0.00045669641370541203,0.00037927656615342357
2.4,8192,512,2,0.0003218302339450454,0.00032385111667239917,0.00037927656615342357
2.4,8192,512,3,0.00038106208874162727,0.00038272788201753477,0.00037927656615342357
2.4,8192,512,4,0.00043564872426015853,0.0004374775319424755,0.00037927656615342357
