a,s,b,mu,n,K,seed,last,average,floor
2.0,1.5,2.0,1.0,512,1,0,0.06857153517345864,0.12452017103149149,0.026726267089098896
2.0,1.5,2.0,1.0,512,2,0,0.05302569793408227,0.0812915361792405,0.026726267089098896
2.0,1.5,2.0,1.0,512,4,0,0.03878255241866355,0.056256622385599225,0.026726267089098896
2.0,1.5,2.0,1.0,512,8,0,0.030425491235873587,0.04112863396514473,0.026726267089098896
2.0,1.5,2.0,1.0,512,16,0,0.02512060819798697,0.03133562211877031,0.026726267089098896
2.0,1.5,2.0,1.0,512,32,0,0.02372517376500082,0.026304785504599096,0.026726267089098896
2.0,1.5,2.0,1.0,512,64,0,0.02326409514017704,0.024292681723253967,0.026726267089098896
2.0,1.5,2.0,1.0,512,128,0,0.023214128088745106,0.023538049649140306,0.026726267089098896
2.0,1.5,2.0,1.0,512,256,0,0.02313553927807696,0.023267025373063698,0.026726267089098896
2.0,1.5,2.0,1.0,512,512,0,0.023130774491172772,0.023167809645205005,0.026726267089098896
2.0,1.5,2.0,1.0,512,1,1,0.08573106083640131,0.09445721404700762,0.026726267089098896
2.0,1.5,2.0,1.0,512,2,1,0.05589614251114642,0.07010848863509828,0.026726267089098896
2.0,1.5,2.0,1.0,512,4,1,0.040340732398766566,0.05322552043378303,0.026726267089098896
2.0,1.5,2.0,1.0,512,8,1,0.03381897254871882,0.04190897920689951,0.026726267089098896
2.0,1.5,2.0,1.0,512,16,1,0.031285666527568375,0.0355146153697737,0.026726267089098896
2.0,1.5,2.0,1.0,512,32,1,0.03017794706344823,0.03225277784855384,0.026726267089098896
2.0,1.5,2.0,1.0,512,64,1,0.029669042000814938,0.030658605907085645,0.026726267089098896
2.0,1.5,2.0,1.0,512,128,1,0.029521986997695367,0.02992965303992584,0.026726267089098896
2.0,1.5,2.0,1.0,512,256,1,0.029519771986932675,0.02966200355736439,0.026726267089098896
2.0,1.5,2.0,1.0,512,512,1,0.029519269776302162,0.02957252374642514,0.026726267089098896
2.0,1.5,2.0,1.0,512,1,2,0.09148094155021752,0.10916313933197443,0.026726267089098896
2.0,1.5,2.0,1.0,512,2,2,0.07896018874554357,0.08084370134050875,0.026726267089098896
2.0,1.5,2.0,1.0,512,4,2,0.03914406022543988,0.05809706096347513,0.026726267089098896
2.0,1.5,2.0,1.0,512,8,2,0.03236055608701166,0.042558139001084,0.026726267089098896
2.0,1.5,2.0,1.0,512,16,2,0.033845002726904404,0.03454961433165324,0.026726267089098896
2.0,1.5,2.0,1.0,512,32,2,0.02835706434773204,0.0304747299483775,0.026726267089098896
2.0,1.5,2.0,1.0,512,64,2,0.028004512217145665,0.028739313581124408,0.026726267089098896
2.0,1.5,2.0,1.0,512,128,2,0.027910874635872697,0.028132680261497192,0.026726267089098896
2.0,1.5,2.0,1.0,512,256,2,0.027903766972253632,0.027957679237346367,0.026726267089098896
2.0,1.5,2.0,1.0,512,512,2,0.02790351007852244,0.02791374845659349,0.026726267089098896
2.0,1.5,2.0,1.0,512,1,3,0.12667489717269648,0.12037918836521286,0.026726267089098896
2.0,1.5,2.0,1.0,512,2,3,0.056384690348686435,0.08525212366593403,0.026726267089098896
2.0,1.5,2.0,1.0,512,4,3,0.04478658978275457,0.06136300372703855,0.026726267089098896
2.0,1.5,2.0,1.0,512,8,3,0.034443003167434365,0.04497871351940023,0.026726267089098896
2.0,1.5,2.0,1.0,512,16,3,0.029816812044360465,0.035118600169436444,0.026726267089098896
2.0,1.5,2.0,1.0,512,32,3,0.026193146039492406,0.02957881924704445,0.026726267089098896
2.0,1.5,2.0,1.0,512,64,3,0.025590310123039833,0.026975222810939142,0.026726267089098896
2.0,1.5,2.0,1.0,512,128,3,0.02542944971575946,0.025938463924378003,0.026726267089098896
2.0,1.5,2.0,1.0,512,256,3,0.02537731258684192,0.02555171788794056,0.026726267089098896
2.0,1.5,2.0,1.0,512,512,3,0.025373773556555766,0.02542362082789547,0.026726267089098896
2.0,1.5,2.0,1.0,512,1,4,0.10233534426427841,0.0964231751331924,0.026726267089098896
2.0,1.5,2.0,1.0,512,2,4,0.05280041389016127,0.07009052513123294,0.026726267089098896
2.0,1.5,2.0,1.0,512,4,4,0.0698273256577313,0.05233327338193766,0.026726267089098896
2.0,1.5,2.0,1.0,512,8,4,0.033987838169150505,0.04233065595754148,0.026726267089098896
2.0,1.5,2.0,1.0,512,16,4,0.029876144755065042,0.03518667834243168,0.026726267089098896
2.0,1.5,2.0,1.0,512,32,4,0.029770092704639706,0.030687228371873113,0.026726267089098896
2.0,1.5,2.0,1.0,512,64,4,0.027712530519806676,0.028612728297821757,0.026726267089098896
2.0,1.5,2.0,1.0,512,128,4,0.027685828118116707,0.027939409254582513,0.026726267089098896
2.0,1.5,2.0,1.0,512,256,4,0.027673173668294745,0.027745828820709566,0.026726267089098896
2.0,1.5,2.0,1.0,512,512,4,0.02767117961321094,0.027691294793232926,0.026726267089098896
2.0,1.5,2.0,1.0,2048,1,0,0.03500819643086245,0.051996206659120095,0.01061499937018547
2.0,1.5,2.0,1.0,2048,2,0,0.025042690405322508,0.03621998177749826,0.01061499937018547
2.0,1.5,2.0,1.0,2048,4,0,0.026787327426387165,0.026113037577902166,0.01061499937018547
2.0,1.5,2.0,1.0,2048,8,0,0.015095501013607144,0.019970022100476572,0.01061499937018547
2.0,1.5,2.0,1.0,2048,16,0,0.01572109908173816,0.01590704690015258,0.01061499937018547
2.0,1.5,2.0,1.0,2048,32,0,0.011795957690360358,0.013292129201777731,0.01061499937018547
2.0,1.5,2.0,1.0,2048,64,0,0.011322152313284393,0.011868956490610164,0.01061499937018547
2.0,1.5,2.0,1.0,2048,128,0,0.011148174539140892,0.01132779658428651,0.01061499937018547
2.0,1.5,2.0,1.0,2048,256,0,0.011113432769446627,0.011165145930830424,0.01061499937018547
2.0,1.5,2.0,1.0,2048,512,0,0.01110728260843101,0.011121248576447609,0.01061499937018547
2.0,1.5,2.0,1.0,2048,1,1,0.0343198717177181,0.05171180201842371,0.01061499937018547
2.0,1.5,2.0,1.0,2048,2,1,0.02426735817632567,0.035748864108836195,0.01061499937018547
2.0,1.5,2.0,1.0,2048,4,1,0.01885923414633762,0.026057400400107126,0.01061499937018547
2.0,1.5,2.0,1.0,2048,8,1,0.015069653629480208,0.01950669568069516,0.01061499937018547
2.0,1.5,2.0,1.0,2048,16,1,0.012614373015689365,0.015492120220285751,0.01061499937018547
2.0,1.5,2.0,1.0,2048,32,1,0.01157515180367002,0.013099908792995458,0.01061499937018547
2.0,1.5,2.0,1.0,2048,64,1,0.011310913825421662,0.011924599243000112,0.01061499937018547
2.0,1.5,2.0,1.0,2048,128,1,0.011266297287908577,0.011465284902786595,0.01061499937018547
2.0,1.5,2.0,1.0,2048,256,1,0.01126455582179688,0.011323316569585058,0.01061499937018547
2.0,1.5,2.0,1.0,2048,512,1,0.011264312044519097,0.011282609389044698,0.01061499937018547
2.0,1.5,2.0,1.0,2048,1,2,0.03845015134295508,0.05462556621662787,0.01061499937018547
2.0,1.5,2.0,1.0,2048,2,2,0.03314127034186247,0.03959966307663207,0.01061499937018547
2.0,1.5,2.0,1.0,2048,4,2,0.02116602314199855,0.02934467254795825,0.01061499937018547
2.0,1.5,2.0,1.0,2048,8,2,0.017736964337919693,0.02243220965517583,0.01061499937018547
2.0,1.5,2.0,1.0,2048,16,2,0.01435748264475081,0.017713861661948146,0.01061499937018547
2.0,1.5,2.0,1.0,2048,32,2,0.013169230766771246,0.014894282377498295,0.01061499937018547
2.0,1.5,2.0,1.0,2048,64,2,0.012679400884039578,0.013428445235765172,0.01061499937018547
2.0,1.5,2.0,1.0,2048,128,2,0.012565143988289047,0.012820481351255436,0.01061499937018547
2.0,1.5,2.0,1.0,2048,256,2,0.01255333816407063,0.01262256547444705,0.01061499937018547
2.0,1.5,2.0,1.0,2048,512,2,0.012552396476354033,0.01256885261742398,0.01061499937018547
2.0,1.5,2.0,1.0,2048,1,3,0.034576046955961934,0.04926198842675498,0.01061499937018547
2.0,1.5,2.0,1.0,2048,2,3,0.024555518793293922,0.03551668430028559,0.01061499937018547
2.0,1.5,2.0,1.0,2048,4,3,0.019011245742778217,0.026133324078609785,0.01061499937018547
2.0,1.5,2.0,1.0,2048,8,3,0.014296305232105306,0.01950493364992479,0.01061499937018547
2.0,1.5,2.0,1.0,2048,16,3,0.011929525429061338,0.015110990010212795,0.01061499937018547
2.0,1.5,2.0,1.0,2048,32,3,0.010895170119017198,0.012501380649304433,0.01061499937018547
2.0,1.5,2.0,1.0,2048,64,3,0.010549244716052578,0.011215901906910101,0.01061499937018547
2.0,1.5,2.0,1.0,2048,128,3,0.010490472611136043,0.010706242061865904,0.01061499937018547
2.0,1.5,2.0,1.0,2048,256,3,0.010472580268008794,0.010539744594115875,0.01061499937018547
2.0,1.5,2.0,1.0,2048,512,3,0.010466902640706608,0.010488759997714233,0.01061499937018547
2.0,1.5,2.0,1.0,2048,1,4,0.036556652597562134,0.05320026828368828,0.01061499937018547
2.0,1.5,2.0,1.0,2048,2,4,0.027792004020679533,0.03799430541560097,0.01061499937018547
2.0,1.5,2.0,1.0,2048,4,4,0.04883764691554492,0.028170071752455283,0.01061499937018547
2.0,1.5,2.0,1.0,2048,8,4,0.026140257877829587,0.021656917798042,0.01061499937018547
2.0,1.5,2.0,1.0,2048,16,4,0.012706912061972308,0.016885210747544403,0.01061499937018547
2.0,1.5,2.0,1.0,2048,32,4,0.011809560753986056,0.013517175704873761,0.01061499937018547
2.0,1.5,2.0,1.0,2048,64,4,0.01076433592726644,0.01173686769277451,0.01061499937018547
2.0,1.5,2.0,1.0,2048,128,4,0.010693706539713736,0.011012314935410435,0.01061499937018547
2.0,1.5,2.0,1.0,2048,256,4,0.010682056775918207,0.010774613644387077,0.01061499937018547
2.0,1.5,2.0,1.0,2048,512,4,0.010680952855401701,0.010706186350335548,0.01061499937018547
2.0,1.5,2.0,1.0,8192,1,0,0.018253566782327237,0.025969837123718004,0.004213607946682828
2.0,1.5,2.0,1.0,8192,2,0,0.01261661012929664,0.01848611508885683,0.004213607946682828
2.0,1.5,2.0,1.0,8192,4,0,0.009155059319767591,0.013207698212697285,0.004213607946682828
2.0,1.5,2.0,1.0,8192,8,0,0.007008609487261849,0.009614649996787643,0.004213607946682828
2.0,1.5,2.0,1.0,8192,16,0,0.005596373081572092,0.007277256713912631,0.004213607946682828
2.0,1.5,2.0,1.0,8192,32,0,0.005222425192132862,0.005762599957813284,0.004213607946682828
2.0,1.5,2.0,1.0,8192,64,0,0.0044198672440725825,0.0048986773997280455,0.004213607946682828
2.0,1.5,2.0,1.0,8192,128,0,0.004410548854363936,0.004505938673477141,0.004213607946682828
2.0,1.5,2.0,1.0,8192,256,0,0.00431837057642147,0.004370908727055872,0.004213607946682828
2.0,1.5,2.0,1.0,8192,512,0,0.004317257890419941,0.004331655746940288,0.004213607946682828
2.0,1.5,2.0,1.0,8192,1,1,0.017544343760936085,0.02502706857994156,0.004213607946682828
2.0,1.5,2.0,1.0,8192,2,1,0.012533391680865797,0.018356359949985492,0.004213607946682828
2.0,1.5,2.0,1.0,8192,4,1,0.009993704321661334,0.013521315089727542,0.004213607946682828
2.0,1.5,2.0,1.0,8192,8,1,0.007345786882630533,0.010130241334256116,0.004213607946682828
2.0,1.5,2.0,1.0,8192,16,1,0.005951227722160806,0.007827795892296416,0.004213607946682828
2.0,1.5,2.0,1.0,8192,32,1,0.005157376757131877,0.006291105039852346,0.004213607946682828
2.0,1.5,2.0,1.0,8192,64,1,0.004817075335360123,0.005370775009384787,0.004213607946682828
2.0,1.5,2.0,1.0,8192,128,1,0.004745475749597258,0.004936017915187677,0.004213607946682828
2.0,1.5,2.0,1.0,8192,256,1,0.004720363152858315,0.0047808918340619955,0.004213607946682828
2.0,1.5,2.0,1.0,8192,512,1,0.004716883381452626,0.004734024620793864,0.004213607946682828
2.0,1.5,2.0,1.0,8192,1,2,0.0286533251643419,0.02505324258924879,0.004213607946682828
2.0,1.5,2.0,1.0,8192,2,2,0.013565853310025574,0.017884204343553173,0.004213607946682828
2.0,1.5,2.0,1.0,8192,4,2,0.009172535803050745,0.012941401603731579,0.004213607946682828
2.0,1.5,2.0,1.0,8192,8,2,0.006864011821007403,0.009563782924364758,0.004213607946682828
2.0,1.5,2.0,1.0,8192,16,2,0.005160031106296562,0.007156782811168396,0.004213607946682828
2.0,1.5,2.0,1.0,8192,32,2,0.004265309312118712,0.005501319081934464,0.004213607946682828
2.0,1.5,2.0,1.0,8192,64,2,0.003918864708590809,0.004496905130838667,0.004213607946682828
2.0,1.5,2.0,1.0,8192,128,2,0.0038088867766136432,0.0040255517664940935,0.004213607946682828
2.0,1.5,2.0,1.0,8192,256,2,0.0037968031470710585,0.003861322881069597,0.004213607946682828
2.0,1.5,2.0,1.0,8192,512,2,0.003794123417229126,0.0038125429246565535,0.004213607946682828
2.0,1.5,2.0,1.0,8192,1,3,0.016617329578069807,0.02441775035609076,0.004213607946682828
2.0,1.5,2.0,1.0,8192,2,3,0.013435403477741584,0.01762819995328747,0.004213607946682828
2.0,1.5,2.0,1.0,8192,4,3,0.009681030671995553,0.012902616532407192,0.004213607946682828
2.0,1.5,2.0,1.0,8192,8,3,0.007229442854977334,0.009545186974892582,0.004213607946682828
2.0,1.5,2.0,1.0,8192,16,3,0.005454861872695387,0.007232805501364902,0.004213607946682828
2.0,1.5,2.0,1.0,8192,32,3,0.004598322469587746,0.005703646817550289,0.004213607946682828
2.0,1.5,2.0,1.0,8192,64,3,0.004300081898795694,0.004822078775473066,0.004213607946682828
2.0,1.5,2.0,1.0,8192,128,3,0.0043290026440634885,0.004420846614309319,0.004213607946682828
2.0,1.5,2.0,1.0,8192,256,3,0.004227985288401215,0.004282446337135888,0.004213607946682828
2.0,1.5,2.0,1.0,8192,512,3,0.0042270654436622835,0.004241988737665582,0.004213607946682828
2.0,1.5,2.0,1.0,8192,1,4,0.018295774958882755,0.02561748307321561,0.004213607946682828
2.0,1.5,2.0,1.0,8192,2,4,0.01257980120187161,0.018248932108279606,0.004213607946682828
2.0,1.5,2.0,1.0,8192,4,4,0.009182397054687588,0.0132066534186895,0.004213607946682828
2.0,1.5,2.0,1.0,8192,8,4,0.007273383201804653,0.009893379066972735,0.004213607946682828
2.0,1.5,2.0,1.0,8192,16,4,0.005872170304849613,0.007611234430656946,0.004213607946682828
2.0,1.5,2.0,1.0,8192,32,4,0.005054147237351264,0.006119855327948211,0.004213607946682828
2.0,1.5,2.0,1.0,8192,64,4,0.004704911185981347,0.005238196786011265,0.004213607946682828
2.0,1.5,2.0,1.0,8192,128,4,0.0046067529509561285,0.004809512199621807,0.004213607946682828
2.0,1.5,2.0,1.0,8192,256,4,0.004593106297964946,0.004653770929886559,0.004213607946682828
2.0,1.5,2.0,1.0,8192,512,4,0.0045922989731192205,0.004608284923838442,0.004213607946682828
2.4,1.5,2.0,1.0,512,1,0,0.10601676350416221,0.1733656067615204,0.026726267089098896
2.4,1.5,2.0,1.0,512,2,0,0.08074648141445215,0.11996906452308885,0.026726267089098896
2.4,1.5,2.0,1.0,512,4,0,0.06276989528986057,0.0859218235380955,0.026726267089098896
2.4,1.5,2.0,1.0,512,8,0,0.048329398625224625,0.06477535277833298,0.026726267089098896
2.4,1.5,2.0,1.0,512,16,0,0.051689657662902955,0.04940713381740594,0.026726267089098896
2.4,1.5,2.0,1.0,512,32,0,0.028390982093000137,0.03809199134428689,0.026726267089098896
2.4,1.5,2.0,1.0,512,64,0,0.025173830040584808,0.030354859770609987,0.026726267089098896
2.4,1.5,2.0,1.0,512,128,0,0.024048223642281548,0.02616195439204033,0.026726267089098896
2.4,1.5,2.0,1.0,512,256,0,0.023483600230570015,0.02436909871831688,0.026726267089098896
2.4,1.5,2.0,1.0,512,512,0,0.02338084236059909,0.023672170381741398,0.026726267089098896
2.4,1.5,2.0,1.0,512,1,1,0.10234613675406379,0.13354596458342136,0.026726267089098896
2.4,1.5,2.0,1.0,512,2,1,0.09480270085402237,0.09796893348129679,0.026726267089098896
2.4,1.5,2.0,1.0,512,4,1,0.07076374089515522,0.07703830901655333,0.026726267089098896
2.4,1.5,2.0,1.0,512,8,1,0.04841132881029641,0.062113594714818456,0.026726267089098896
2.4,1.5,2.0,1.0,512,16,1,0.03875040236873811,0.04916432314916247,0.026726267089098896
2.4,1.5,2.0,1.0,512,32,1,0.034363688768836956,0.0404737139413475,0.026726267089098896
2.4,1.5,2.0,1.0,512,64,1,0.032007032222008,0.03541769083323624,0.026726267089098896
2.4,1.5,2.0,1.0,512,128,1,0.030617867670516465,0.032556273871163784,0.026726267089098896
2.4,1.5,2.0,1.0,512,256,1,0.029797692376897014,0.03096502784153641,0.026726267089098896
2.4,1.5,2.0,1.0,512,512,1,0.029420539695291053,0.030052835380891863,0.026726267089098896
2.4,1.5,2.0,1.0,512,1,2,0.12601667388547907,0.15589173622703226,0.026726267089098896
2.4,1.5,2.0,1.0,512,2,2,0.11640492043108629,0.11915559821516374,0.026726267089098896
2.4,1.5,2.0,1.0,512,4,2,0.060229122219558534,0.0891957388126078,0.026726267089098896
2.4,1.5,2.0,1.0,512,8,2,0.04587605524086174,0.06508978271767271,0.026726267089098896
2.4,1.5,2.0,1.0,512,16,2,0.05399441867300926,0.049922811994812924,0.026726267089098896
2.4,1.5,2.0,1.0,512,32,2,0.03263973441369527,0.039685512710041664,0.026726267089098896
2.4,1.5,2.0,1.0,512,64,2,0.030499779823646683,0.03383928606133506,0.026726267089098896
2.4,1.5,2.0,1.0,512,128,2,0.028961282797836566,0.030718768772661907,0.026726267089098896
2.4,1.5,2.0,1.0,512,256,2,0.029365691742190565,0.029063238843251054,0.026726267089098896
2.4,1.5,2.0,1.0,512,512,2,0.02810656435014027,0.028334799621588132,0.026726267089098896
2.4,1.5,2.0,1.0,512,1,3,0.16623881249038697,0.15559677624018153,0.026726267089098896
2.4,1.5,2.0,1.0,512,2,3,0.08688925576557828,0.11696151900870318,0.026726267089098896
2.4,1.5,2.0,1.0,512,4,3,0.06835378443378493,0.09093677294864881,0.026726267089098896
2.4,1.5,2.0,1.0,512,8,3,0.05200387515912016,0.07005395756819065,0.026726267089098896
2.4,1.5,2.0,1.0,512,16,3,0.0412349555685027,0.052793847932143104,0.026726267089098896
2.4,1.5,2.0,1.0,512,32,3,0.03230167582442239,0.041051906786609506,0.026726267089098896
2.4,1.5,2.0,1.0,512,64,3,0.028044910043302937,0.033667651698911234,0.026726267089098896
2.4,1.5,2.0,1.0,512,128,3,0.02638601822839515,0.029241065064030448,0.026726267089098896
2.4,1.5,2.0,1.0,512,256,3,0.02616222563764713,0.027031992946908903,0.026726267089098896
2.4,1.5,2.0,1.0,512,512,3,0.02552767394533487,0.0260490596671641,0.026726267089098896
2.4,1.5,2.0,1.0,512,1,4,0.12729102663041048,0.13822141890747777,0.026726267089098896
2.4,1.5,2.0,1.0,512,2,4,0.07463515058427599,0.10397671796039142,0.026726267089098896
2.4,1.5,2.0,1.0,512,4,4,0.0679383595041719,0.07617904974172483,0.026726267089098896
2.4,1.5,2.0,1.0,512,8,4,0.0450541569850158,0.05888021403821925,0.026726267089098896
2.4,1.5,2.0,1.0,512,16,4,0.03872512707081162,0.047673463013638215,0.026726267089098896
2.4,1.5,2.0,1.0,512,32,4,0.052705549447190844,0.03972766926615015,0.026726267089098896
2.4,1.5,2.0,1.0,512,64,4,0.029878129270214163,0.0339746584805459,0.026726267089098896
2.4,1.5,2.0,1.0,512,128,4,0.02812166155228353,0.03043283043763304,0.026726267089098896
2.4,1.5,2.0,1.0,512,256,4,0.027847169363900207,0.028727019794642025,0.026726267089098896
2.4,1.5,2.0,1.0,512,512,4,0.027788902754008103,0.02806279596047771,0.026726267089098896
2.4,1.5,2.0,1.0,2048,1,0,0.060340636472883895,0.08400789421588586,0.01061499937018547
2.4,1.5,2.0,1.0,2048,2,0,0.04160499608052753,0.060960873365188586,0.01061499937018547
2.4,1.5,2.0,1.0,2048,4,0,0.04860395514990421,0.04381824113428443,0.01061499937018547
2.4,1.5,2.0,1.0,2048,8,0,0.02471822075391858,0.033126126032333565,0.01061499937018547
2.4,1.5,2.0,1.0,2048,16,0,0.0250194043905747,0.02599010003718733,0.01061499937018547
2.4,1.5,2.0,1.0,2048,32,0,0.017657810195110025,0.020815107084527815,0.01061499937018547
2.4,1.5,2.0,1.0,2048,64,0,0.013899789102459996,0.016887389608513718,0.01061499937018547
2.4,1.5,2.0,1.0,2048,128,0,0.012800240926736126,0.014157328033886482,0.01061499937018547
2.4,1.5,2.0,1.0,2048,256,0,0.011770314352239256,0.012482872327065735,0.01061499937018547
2.4,1.5,2.0,1.0,2048,512,0,0.011240823273653468,0.011645206973875085,0.01061499937018547
2.4,1.5,2.0,1.0,2048,1,1,0.0578203507305164,0.08265789704603996,0.01061499937018547
2.4,1.5,2.0,1.0,2048,2,1,0.04187049890735251,0.06037191967997915,0.01061499937018547
2.4,1.5,2.0,1.0,2048,4,1,0.03198354980098005,0.0446473625569471,0.01061499937018547
2.4,1.5,2.0,1.0,2048,8,1,0.024830505351339204,0.033502928010378956,0.01061499937018547
2.4,1.5,2.0,1.0,2048,16,1,0.019443902783461718,0.02586450390172426,0.01061499937018547
2.4,1.5,2.0,1.0,2048,32,1,0.015869122730633935,0.020371480071862354,0.01061499937018547
2.4,1.5,2.0,1.0,2048,64,1,0.013598599993703223,0.01656686861323635,0.01061499937018547
2.4,1.5,2.0,1.0,2048,128,1,0.012144577606948391,0.014002365255677336,0.01061499937018547
2.4,1.5,2.0,1.0,2048,256,1,0.011561406150178904,0.012474567026499697,0.01061499937018547
2.4,1.5,2.0,1.0,2048,512,1,0.011268861313098575,0.0117021042663786,0.01061499937018547
2.4,1.5,2.0,1.0,2048,1,2,0.06117031955171866,0.08248098991252997,0.01061499937018547
2.4,1.5,2.0,1.0,2048,2,2,0.06281647987728475,0.06264151425257534,0.01061499937018547
2.4,1.5,2.0,1.0,2048,4,2,0.03429569259768024,0.047387054345962784,0.01061499937018547
2.4,1.5,2.0,1.0,2048,8,2,0.0290394605237557,0.03650116865306995,0.01061499937018547
2.4,1.5,2.0,1.0,2048,16,2,0.021860256843927655,0.02886965483930864,0.01061499937018547
2.4,1.5,2.0,1.0,2048,32,2,0.01831234645555543,0.023048397069873792,0.01061499937018547
2.4,1.5,2.0,1.0,2048,64,2,0.015323364961708615,0.0187973892088935,0.01061499937018547
2.4,1.5,2.0,1.0,2048,128,2,0.014839930012261728,0.015888753610863386,0.01061499937018547
2.4,1.5,2.0,1.0,2048,256,2,0.013099602692630472,0.014161834582127076,0.01061499937018547
2.4,1.5,2.0,1.0,2048,512,2,0.012785774603037833,0.013262852212557135,0.01061499937018547
2.4,1.5,2.0,1.0,2048,1,3,0.056341409343819406,0.07660920182586584,0.01061499937018547
2.4,1.5,2.0,1.0,2048,2,3,0.04161234409249571,0.05756303365615273,0.01061499937018547
2.4,1.5,2.0,1.0,2048,4,3,0.04528255434798551,0.04276099840135388,0.01061499937018547
2.4,1.5,2.0,1.0,2048,8,3,0.024370259987929466,0.0327395250672685,0.01061499937018547
2.4,1.5,2.0,1.0,2048,16,3,0.020510118327565864,0.025625797545533253,0.01061499937018547
2.4,1.5,2.0,1.0,2048,32,3,0.015318206995719364,0.020069379668312282,0.01061499937018547
2.4,1.5,2.0,1.0,2048,64,3,0.012798447442465123,0.01599449010522689,0.01061499937018547
2.4,1.5,2.0,1.0,2048,128,3,0.011607233401097839,0.013333401759691757,0.01061499937018547
2.4,1.5,2.0,1.0,2048,256,3,0.010777873699759691,0.011772720774458258,0.01061499937018547
2.4,1.5,2.0,1.0,2048,512,3,0.011202843858678858,0.010976194570448515,0.01061499937018547
2.4,1.5,2.0,1.0,2048,1,4,0.0645322706760897,0.08225129124838805,0.01061499937018547
2.4,1.5,2.0,1.0,2048,2,4,0.044997268042814155,0.06182478664678154,0.01061499937018547
2.4,1.5,2.0,1.0,2048,4,4,0.07058444771652302,0.046549925595931595,0.01061499937018547
2.4,1.5,2.0,1.0,2048,8,4,0.048179658952602865,0.03569474496625194,0.01061499937018547
2.4,1.5,2.0,1.0,2048,16,4,0.021274325834304227,0.028013917012326014,0.01061499937018547
2.4,1.5,2.0,1.0,2048,32,4,0.034395345126250795,0.02221537493671194,0.01061499937018547
2.4,1.5,2.0,1.0,2048,64,4,0.01415016771114419,0.01779602006973157,0.01061499937018547
2.4,1.5,2.0,1.0,2048,128,4,0.011885752033723164,0.014465293622188818,0.01061499937018547
2.4,1.5,2.0,1.0,2048,256,4,0.011083278735176916,0.012359824830534617,0.01061499937018547
2.4,1.5,2.0,1.0,2048,512,4,0.010781834263977289,0.011318367193044833,0.01061499937018547
2.4,1.5,2.0,1.0,8192,1,0,0.033389781199393787,0.045323885284261026,0.004213607946682828
2.4,1.5,2.0,1.0,8192,2,0,0.024174052939091358,0.0339332110672502,0.004213607946682828
2.4,1.5,2.0,1.0,8192,4,0,0.018954628582147453,0.02536369597949278,0.004213607946682828
2.4,1.5,2.0,1.0,8192,8,0,0.014477309560215746,0.019096262413565032,0.004213607946682828
2.4,1.5,2.0,1.0,8192,16,0,0.010834864391795243,0.014561890105042897,0.004213607946682828
2.4,1.5,2.0,1.0,8192,32,0,0.010851027128126115,0.01118607668492652,0.004213607946682828
2.4,1.5,2.0,1.0,8192,64,0,0.006706612859990972,0.00870183867434256,0.004213607946682828
2.4,1.5,2.0,1.0,8192,128,0,0.006165483490586961,0.006890418261284274,0.004213607946682828
2.4,1.5,2.0,1.0,8192,256,0,0.004731018310611186,0.005662284377329476,0.004213607946682828
2.4,1.5,2.0,1.0,8192,512,0,0.004455254774551986,0.004923959457579566,0.004213607946682828
2.4,1.5,2.0,1.0,8192,1,1,0.031217773259716117,0.043319006743668016,0.004213607946682828
2.4,1.5,2.0,1.0,8192,2,1,0.023786912234864656,0.03302483551677291,0.004213607946682828
2.4,1.5,2.0,1.0,8192,4,1,0.024256334153685763,0.025357538826989948,0.004213607946682828
2.4,1.5,2.0,1.0,8192,8,1,0.014087130804449448,0.01949867242680197,0.004213607946682828
2.4,1.5,2.0,1.0,8192,16,1,0.011004144605887653,0.01498682144189385,0.004213607946682828
2.4,1.5,2.0,1.0,8192,32,1,0.008773916322812757,0.011612314611580618,0.004213607946682828
2.4,1.5,2.0,1.0,8192,64,1,0.0071936456187658305,0.00918611379941784,0.004213607946682828
2.4,1.5,2.0,1.0,8192,128,1,0.006033932769967784,0.007423418694675838,0.004213607946682828
2.4,1.5,2.0,1.0,8192,256,1,0.006980255699376346,0.006168441204299873,0.004213607946682828
2.4,1.5,2.0,1.0,8192,512,1,0.004862854791067922,0.005380402422813954,0.004213607946682828
2.4,1.5,2.0,1.0,8192,1,2,0.044514439834403084,0.043629327991411206,0.004213607946682828
2.4,1.5,2.0,1.0,8192,2,2,0.025267443111472974,0.03322245616849315,0.004213607946682828
2.4,1.5,2.0,1.0,8192,4,2,0.017969114407868907,0.025191647178914006,0.004213607946682828
2.4,1.5,2.0,1.0,8192,8,2,0.013715122716061843,0.019018333296416084,0.004213607946682828
2.4,1.5,2.0,1.0,8192,16,2,0.010894430910711258,0.014421083024875011,0.004213607946682828
2.4,1.5,2.0,1.0,8192,32,2,0.008725546350970517,0.011133855260768528,0.004213607946682828
2.4,1.5,2.0,1.0,8192,64,2,0.006422577157856874,0.008647368815213366,0.004213607946682828
2.4,1.5,2.0,1.0,8192,128,2,0.005049780567120576,0.006732804112961831,0.004213607946682828
2.4,1.5,2.0,1.0,8192,256,2,0.0042877215145606315,0.005361186157235375,0.004213607946682828
2.4,1.5,2.0,1.0,8192,512,2,0.004020446172841806,0.004500054198365982,0.004213607946682828
2.4,1.5,2.0,1.0,8192,1,3,0.030916505450403857,0.04308832733499242,0.004213607946682828
2.4,1.5,2.0,1.0,8192,2,3,0.02442568335581103,0.03263476933923423,0.004213607946682828
2.4,1.5,2.0,1.0,8192,4,3,0.01975292790338707,0.024519100363126857,0.004213607946682828
2.4,1.5,2.0,1.0,8192,8,3,0.015720925642892025,0.01866593700554012,0.004213607946682828
2.4,1.5,2.0,1.0,8192,16,3,0.010554304104473973,0.014353067184786948,0.004213607946682828
2.4,1.5,2.0,1.0,8192,32,3,0.01058394627551335,0.011090966037299161,0.004213607946682828
2.4,1.5,2.0,1.0,8192,64,3,0.006578702738252197,0.00861349634069877,0.004213607946682828
2.4,1.5,2.0,1.0,8192,128,3,0.009813383121226345,0.006827993311423892,0.004213607946682828
2.4,1.5,2.0,1.0,8192,256,3,0.004729595301260633,0.005598981854663726,0.004213607946682828
2.4,1.5,2.0,1.0,8192,512,3,0.004370829796061803,0.004845802823231412,0.004213607946682828
2.4,1.5,2.0,1.0,8192,1,4,0.03569733693634947,0.0447974582525361,0.004213607946682828
2.4,1.5,2.0,1.0,8192,2,4,0.023508145181487226,0.03343932446078443,0.004213607946682828
2.4,1.5,2.0,1.0,8192,4,4,0.01780826029142932,0.024917927781945196,0.004213607946682828
2.4,1.5,2.0,1.0,8192,8,4,0.01395541687130975,0.018957917051023076,0.004213607946682828
2.4,1.5,2.0,1.0,8192,16,4,0.010962791364899511,0.014642989639674751,0.004213607946682828
2.4,1.5,2.0,1.0,8192,32,4,0.008609793892365375,0.01144653653572193,0.004213607946682828
2.4,1.5,2.0,1.0,8192,64,4,0.007201175422475668,0.009018380149869854,0.004213607946682828
2.4,1.5,2.0,1.0,8192,128,4,0.0057488584492093086,0.007235322302970971,0.004213607946682828
2.4,1.5,2.0,1.0,8192,256,4,0.005041771374667998,0.0059981503034231155,0.004213607946682828
2.4,1.5,2.0,1.0,8192,512,4,0.004730288553961692,0.005236466940444755,0.004213607946682828
2.5,2.0,2.5,1.0,512,1,0,0.03336027280582638,0.057605286964021445,0.008257650585233926
2.5,2.0,2.5,1.0,512,2,0,0.022798965694251425,0.037652151155333595,0.008257650585233926
2.5,2.0,2.5,1.0,512,4,0,0.01500276033710996,0.023442025751486927,0.008257650585233926
2.5,2.0,2.5,1.0,512,8,0,0.010601195501834295,0.015383047398456187,0.008257650585233926
2.5,2.0,2.5,1.0,512,16,0,0.011881458881960376,0.011548156628753565,0.008257650585233926
2.5,2.0,2.5,1.0,512,32,0,0.009039607267641879,0.009607074481043816,0.008257650585233926
2.5,2.0,2.5,1.0,512,64,0,0.00845247725156251,0.008791952117881228,0.008257650585233926
2.5,2.0,2.5,1.0,512,128,0,0.008449834220932359,0.008538034922063025,0.008257650585233926
2.5,2.0,2.5,1.0,512,256,0,0.008449140710977835,0.008471254281294053,0.008257650585233926
2.5,2.0,2.5,1.0,512,512,0,0.008449128978072155,0.008454639419280752,0.008257650585233926
2.5,2.0,2.5,1.0,512,1,1,0.02332873927178984,0.03826599626313449,0.008257650585233926
2.5,2.0,2.5,1.0,512,2,1,0.01798323272416818,0.025596052193354698,0.008257650585233926
2.5,2.0,2.5,1.0,512,4,1,0.013312524560520208,0.018643314729574742,0.008257650585233926
2.5,2.0,2.5,1.0,512,8,1,0.0112709520976068,0.014395860004678414,0.008257650585233926
2.5,2.0,2.5,1.0,512,16,1,0.009813353258022904,0.011843513265932477,0.008257650585233926
2.5,2.0,2.5,1.0,512,32,1,0.009419027443584256,0.01032640262656201,0.008257650585233926
2.5,2.0,2.5,1.0,512,64,1,0.009261625571937413,0.009629224079866909,0.008257650585233926
2.5,2.0,2.5,1.0,512,128,1,0.009252962226365019,0.009372319485111016,0.008257650585233926
2.5,2.0,2.5,1.0,512,256,1,0.009253315232112886,0.009293659219440243,0.008257650585233926
2.5,2.0,2.5,1.0,512,512,1,0.009253320282172808,0.009268654091274559,0.008257650585233926
2.5,2.0,2.5,1.0,512,1,2,0.05941263704378839,0.05383872057373893,0.008257650585233926
2.5,2.0,2.5,1.0,512,2,2,0.021399789003666923,0.03454701132346822,0.008257650585233926
2.5,2.0,2.5,1.0,512,4,2,0.015925078943443312,0.023492398256156847,0.008257650585233926
2.5,2.0,2.5,1.0,512,8,2,0.009547070517506775,0.016236229786052662,0.008257650585233926
2.5,2.0,2.5,1.0,512,16,2,0.007116417578770244,0.010879046624159285,0.008257650585233926
2.5,2.0,2.5,1.0,512,32,2,0.006029737895307989,0.007759055388386788,0.008257650585233926
2.5,2.0,2.5,1.0,512,64,2,0.005794916923681579,0.0063656597118152206,0.008257650585233926
2.5,2.0,2.5,1.0,512,128,2,0.005792588146944613,0.00593872168167457,0.008257650585233926
2.5,2.0,2.5,1.0,512,256,2,0.005792500500336847,0.005829088897145902,0.008257650585233926
2.5,2.0,2.5,1.0,512,512,2,0.0057925004983342574,0.005801647659622834,0.008257650585233926
2.5,2.0,2.5,1.0,512,1,3,0.03251994351085123,0.04907873594957936,0.008257650585233926
2.5,2.0,2.5,1.0,512,2,3,0.025059075704790185,0.0340461525410062,0.008257650585233926
2.5,2.0,2.5,1.0,512,4,3,0.022421916819875078,0.02681603600426995,0.008257650585233926
2.5,2.0,2.5,1.0,512,8,3,0.017913102315642908,0.022338116598276347,0.008257650585233926
2.5,2.0,2.5,1.0,512,16,3,0.014766619297531603,0.01849008895113265,0.008257650585233926
2.5,2.0,2.5,1.0,512,32,3,0.013194651049627797,0.015242235514943827,0.008257650585233926
2.5,2.0,2.5,1.0,512,64,3,0.013040960553293852,0.013681843953516135,0.008257650585233926
2.5,2.0,2.5,1.0,512,128,3,0.013037541154591166,0.013201668675766248,0.008257650585233926
2.5,2.0,2.5,1.0,512,256,3,0.013037010705902154,0.013078248273846967,0.008257650585233926
2.5,2.0,2.5,1.0,512,512,3,0.013037010556684518,0.013047321178957053,0.008257650585233926
2.5,2.0,2.5,1.0,512,1,4,0.030136542658448288,0.048101867699336366,0.008257650585233926
2.5,2.0,2.5,1.0,512,2,4,0.017927916788576127,0.030679325295913277,0.008257650585233926
2.5,2.0,2.5,1.0,512,4,4,0.01124606962922535,0.019801034125263583,0.008257650585233926
2.5,2.0,2.5,1.0,512,8,4,0.008840383326016972,0.012938904693682028,0.008257650585233926
2.5,2.0,2.5,1.0,512,16,4,0.008055663267331724,0.009669204442025608,0.008257650585233926
2.5,2.0,2.5,1.0,512,32,4,0.007630327750484198,0.008339918495815892,0.008257650585233926
2.5,2.0,2.5,1.0,512,64,4,0.00755454162177273,0.007785258676031156,0.008257650585233926
2.5,2.0,2.5,1.0,512,128,4,0.0075529123440628955,0.007612211461851846,0.008257650585233926
2.5,2.0,2.5,1.0,512,256,4,0.007552903266698852,0.007567742635560013,0.008257650585233926
2.5,2.0,2.5,1.0,512,512,4,0.007552902868921242,0.007556612835487065,0.008257650585233926
2.5,2.0,2.5,1.0,2048,1,0,0.011104916327979839,0.021727088843204085,0.002922325402715968
2.5,2.0,2.5,1.0,2048,2,0,0.00656318204956928,0.012941603290322635,0.002922325402715968
2.5,2.0,2.5,1.0,2048,4,0,0.004901283207505141,0.007992730268734715,0.002922325402715968
2.5,2.0,2.5,1.0,2048,8,0,0.007329731639301523,0.00548847547457314,0.002922325402715968
2.5,2.0,2.5,1.0,2048,16,0,0.0032067919828956274,0.004112504056404836,0.002922325402715968
2.5,2.0,2.5,1.0,2048,32,0,0.0029778262787863324,0.003402409179167758,0.002922325402715968
2.5,2.0,2.5,1.0,2048,64,0,0.0029340664585397807,0.0030795616352160544,0.002922325402715968
2.5,2.0,2.5,1.0,2048,128,0,0.0029197599301431917,0.0029632849496526573,0.002922325402715968
2.5,2.0,2.5,1.0,2048,256,0,0.0029188379384355594,0.002930251039342914,0.002922325402715968
2.5,2.0,2.5,1.0,2048,512,0,0.0029188351458368372,0.002921702557461638,0.002922325402715968
2.5,2.0,2.5,1.0,2048,1,1,0.020345019439254354,0.02048308169101701,0.002922325402715968
2.5,2.0,2.5,1.0,2048,2,1,0.007214937671240926,0.013099123959559448,0.002922325402715968
2.5,2.0,2.5,1.0,2048,4,1,0.005694173055461394,0.008512971489150374,0.002922325402715968
2.5,2.0,2.5,1.0,2048,8,1,0.004685766516510669,0.0060030074801669655,0.002922325402715968
2.5,2.0,2.5,1.0,2048,16,1,0.0037040032987330196,0.0045640662568419595,0.002922325402715968
2.5,2.0,2.5,1.0,2048,32,1,0.0030346568070697484,0.0036713496583457065,0.002922325402715968
2.5,2.0,2.5,1.0,2048,64,1,0.002920047417041688,0.003181068249627915,0.002922325402715968
2.5,2.0,2.5,1.0,2048,128,1,0.002897320102681098,0.0029823124700201612,0.002922325402715968
2.5,2.0,2.5,1.0,2048,256,1,0.002895517332008344,0.002918631783643363,0.002922325402715968
2.5,2.0,2.5,1.0,2048,512,1,0.002895504857152917,0.0029013180288224444,0.002922325402715968
2.5,2.0,2.5,1.0,2048,1,2,0.018796117360869634,0.0207956019174008,0.002922325402715968
2.5,2.0,2.5,1.0,2048,2,2,0.008217860179477914,0.013942195818479532,0.002922325402715968
2.5,2.0,2.5,1.0,2048,4,2,0.005558673858070405,0.009334785223671687,0.002922325402715968
2.5,2.0,2.5,1.0,2048,8,2,0.004241864681587248,0.006333617546979564,0.002922325402715968
2.5,2.0,2.5,1.0,2048,16,2,0.0035540314583485987,0.004645473231996985,0.002922325402715968
2.5,2.0,2.5,1.0,2048,32,2,0.0033196959962746024,0.0038002324496476904,0.002922325402715968
2.5,2.0,2.5,1.0,2048,64,2,0.003263720805011122,0.0034325836504608197,0.002922325402715968
2.5,2.0,2.5,1.0,2048,128,2,0.003260691844997903,0.003306570276811258,0.002922325402715968
2.5,2.0,2.5,1.0,2048,256,2,0.003260648849623925,0.003272210053589166,0.002922325402715968
2.5,2.0,2.5,1.0,2048,512,2,0.003260648680160971,0.003263541756017501,0.002922325402715968
2.5,2.0,2.5,1.0,2048,1,3,0.013020263155799527,0.019373279389201716,0.002922325402715968
2.5,2.0,2.5,1.0,2048,2,3,0.00924748375025808,0.013958317790669581,0.002922325402715968
2.5,2.0,2.5,1.0,2048,4,3,0.005718752169546781,0.009774314181575053,0.002922325402715968
2.5,2.0,2.5,1.0,2048,8,3,0.0037584825165914103,0.006515270385216643,0.002922325402715968
2.5,2.0,2.5,1.0,2048,16,3,0.0028803942215386543,0.0043999844293641345,0.002922325402715968
2.5,2.0,2.5,1.0,2048,32,3,0.0025756811835142253,0.00324824064121925,0.002922325402715968
2.5,2.0,2.5,1.0,2048,64,3,0.0024903992733116454,0.002738236013290868,0.002922325402715968
2.5,2.0,2.5,1.0,2048,128,3,0.0024737649506732778,0.002550869529515359,0.002922325402715968
2.5,2.0,2.5,1.0,2048,256,3,0.002473238871421639,0.0024939827937317575,0.002922325402715968
2.5,2.0,2.5,1.0,2048,512,3,0.002473164077937004,0.002478456327693348,0.002922325402715968
2.5,2.0,2.5,1.0,2048,1,4,0.012524383956995443,0.01953055848865026,0.002922325402715968
2.5,2.0,2.5,1.0,2048,2,4,0.008353893090029929,0.012639900761086174,0.002922325402715968
2.5,2.0,2.5,1.0,2048,4,4,0.005697632308039882,0.00857135140952393,0.002922325402715968
2.5,2.0,2.5,1.0,2048,8,4,0.004191649481287794,0.0061341400333761505,0.002922325402715968
2.5,2.0,2.5,1.0,2048,16,4,0.003506135519424858,0.004608251337154069,0.002922325402715968
2.5,2.0,2.5,1.0,2048,32,4,0.0031858709078754787,0.0037347686293645976,0.002922325402715968
2.5,2.0,2.5,1.0,2048,64,4,0.0031384606171195274,0.0033216074725931533,0.002922325402715968
2.5,2.0,2.5,1.0,2048,128,4,0.0031358598816593913,0.003184520391837372,0.002922325402715968
2.5,2.0,2.5,1.0,2048,256,4,0.0031358097845465985,0.003148063676936467,0.002922325402715968
2.5,2.0,2.5,1.0,2048,512,4,0.003135809184080915,0.003138874285841664,0.002922325402715968
2.5,2.0,2.5,1.0,8192,1,0,0.005174291284387243,0.008387480876583052,0.0010334463515840131
2.5,2.0,2.5,1.0,8192,2,0,0.003571477798442821,0.005695373120395457,0.0010334463515840131
2.5,2.0,2.5,1.0,8192,4,0,0.0025117222232644947,0.003886319367948719,0.0010334463515840131
2.5,2.0,2.5,1.0,8192,8,0,0.0018128705701561212,0.0027092321558843525,0.0010334463515840131
2.5,2.0,2.5,1.0,8192,16,0,0.0014341978387283321,0.0019858564005672376,0.0010334463515840131
2.5,2.0,2.5,1.0,8192,32,0,0.001169640441655476,0.0015178331207353097,0.0010334463515840131
2.5,2.0,2.5,1.0,8192,64,0,0.0010908048401063921,0.0012427271941456309,0.0010334463515840131
2.5,2.0,2.5,1.0,8192,128,0,0.0010829249429366757,0.0011292549372382548,0.0010334463515840131
2.5,2.0,2.5,1.0,8192,256,0,0.001083706870403488,0.0010949377194607946,0.0010334463515840131
2.5,2.0,2.5,1.0,8192,512,0,0.0010826971767967446,0.001085915868902792,0.0010334463515840131
2.5,2.0,2.5,1.0,8192,1,1,0.0049870285824812136,0.008486078966640095,0.0010334463515840131
2.5,2.0,2.5,1.0,8192,2,1,0.0032557327720121472,0.005636616608171598,0.0010334463515840131
2.5,2.0,2.5,1.0,8192,4,1,0.0023354428767505798,0.003740884373695039,0.0010334463515840131
2.5,2.0,2.5,1.0,8192,8,1,0.001773649382327992,0.0025812502016587012,0.0010334463515840131
2.5,2.0,2.5,1.0,8192,16,1,0.0013488044948831864,0.0018965123671701905,0.0010334463515840131
2.5,2.0,2.5,1.0,8192,32,1,0.0011665136233593326,0.0014444962430931448,0.0010334463515840131
2.5,2.0,2.5,1.0,8192,64,1,0.0010487113345540157,0.001188705359389877,0.0010334463515840131
2.5,2.0,2.5,1.0,8192,128,1,0.001041671137385844,0.001083591897714539,0.0010334463515840131
2.5,2.0,2.5,1.0,8192,256,1,0.0010415070146406653,0.0010522424345419251,0.0010334463515840131
2.5,2.0,2.5,1.0,8192,512,1,0.001041505491997119,0.001044192977722437,0.0010334463515840131
2.5,2.0,2.5,1.0,8192,1,2,0.00547017099829042,0.008309573452435878,0.0010334463515840131
2.5,2.0,2.5,1.0,8192,2,2,0.0039268834380729225,0.005850123527161237,0.0010334463515840131
2.5,2.0,2.5,1.0,8192,4,2,0.0025738845287010845,0.004066236033629813,0.0010334463515840131
2.5,2.0,2.5,1.0,8192,8,2,0.001750977892290215,0.0028162755127393337,0.0010334463515840131
2.5,2.0,2.5,1.0,8192,16,2,0.0012559974210055835,0.0019296730844931295,0.0010334463515840131
2.5,2.0,2.5,1.0,8192,32,2,0.0010148317183077723,0.001387645657405197,0.0010334463515840131
2.5,2.0,2.5,1.0,8192,64,2,0.0009427330148643881,0.0010962603675318074,0.0010334463515840131
2.5,2.0,2.5,1.0,8192,128,2,0.0009360924839522198,0.000981484510585284,0.0010334463515840131
2.5,2.0,2.5,1.0,8192,256,2,0.000935261821545548,0.0009471139019477079,0.0010334463515840131
2.5,2.0,2.5,1.0,8192,512,2,0.0009352560627419724,0.0009382262993898258,0.0010334463515840131
2.5,2.0,2.5,1.0,8192,1,3,0.005337267692894401,0.007900174297227412,0.0010334463515840131
2.5,2.0,2.5,1.0,8192,2,3,0.003366459292711965,0.00545091606140993,0.0010334463515840131
2.5,2.0,2.5,1.0,8192,4,3,0.0023213503452197207,0.003775984466987474,0.0010334463515840131
2.5,2.0,2.5,1.0,8192,8,3,0.0016408588410987144,0.002563380556692299,0.0010334463515840131
2.5,2.0,2.5,1.0,8192,16,3,0.0012478840284280916,0.001804017529895093,0.0010334463515840131
2.5,2.0,2.5,1.0,8192,32,3,0.0010779747320468762,0.0013620006766587578,0.0010334463515840131
2.5,2.0,2.5,1.0,8192,64,3,0.0010254783282586104,0.0011440215973749733,0.0010334463515840131
2.5,2.0,2.5,1.0,8192,128,3,0.0010184866712413005,0.0010551407109668173,0.0010334463515840131
2.5,2.0,2.5,1.0,8192,256,3,0.0010179918080145717,0.0010275852455308805,0.0010334463515840131
2.5,2.0,2.5,1.0,8192,512,3,0.0010179852968529596,0.0010203924901864545,0.0010334463515840131
2.5,2.0,2.5,1.0,8192,1,4,0.00516981607851273,0.008445078001847899,0.0010334463515840131
2.5,2.0,2.5,1.0,8192,2,4,0.0035288092580983096,0.005663088145918915,0.0010334463515840131
2.5,2.0,2.5,1.0,8192,4,4,0.002475969393268133,0.0038965417699525036,0.0010334463515840131
2.5,2.0,2.5,1.0,8192,8,4,0.001744244012886843,0.0027074746614332047,0.0010334463515840131
2.5,2.0,2.5,1.0,8192,16,4,0.0013342129716707178,0.001895140252016446,0.0010334463515840131
2.5,2.0,2.5,1.0,8192,32,4,0.0009608284639975505,0.001348471012415991,0.0010334463515840131
2.5,2.0,2.5,1.0,8192,64,4,0.000887180696005637,0.0010514450367935747,0.0010334463515840131
2.5,2.0,2.5,1.0,8192,128,4,0.0008807557056225062,0.0009284841199716173,0.0010334463515840131
2.5,2.0,2.5,1.0,8192,256,4,0.0008787686234305638,0.0008914612743146365,0.0010334463515840131
2.5,2.0,2.5,1.0,8192,512,4,0.0008787668406750158,0.0008819427893430386,0.0010334463515840131
